emoji_handle,emoji_image,section
,,People
,,People
,,People
,,People
,,People
,,Nature
,,Nature
,,Nature
,,Nature
,,Nature
,,Nature
,,Nature
,,Nature
,,Nature
,,Nature
,,Nature
,,Nature
,,Nature
,,Nature
,,Objects
,,Objects
,,Objects
,,Objects
,,Objects
,,Objects
,,Objects
,,Objects
,,Objects
,,Objects
,,Objects
,,Objects
,,Places
,,Places
,,Places
,,Places
,,Places
,,Places
,,Places
,,Places
,,Places
,,Places
,,Places
,,Symbols
,,Symbols
,,Symbols
,,Symbols
,,Symbols
,,Symbols
,,Symbols
,,Symbols
,,Symbols
,,Symbols
,,Symbols
,,Symbols
,,Symbols
,,Symbols
,,Symbols
,,Symbols
,,Symbols
,,Symbols
,,Symbols
,,Campfire also supports a few sounds
,,Campfire also supports a few sounds
,,Campfire also supports a few sounds
,,Campfire also supports a few sounds
,,Campfire also supports a few sounds
bowtie,https://www.webfx.com/tools/emoji-cheat-sheet/graphics/emojis/bowtie.png,Emojis and social media
smile,https://www.webfx.com/tools/emoji-cheat-sheet/graphics/emojis/smile.png,Emojis and social media
simple_smile,https://www.webfx.com/tools/emoji-cheat-sheet/graphics/emojis/simple_smile.png,Emojis and social media
laughing,https://www.webfx.com/tools/emoji-cheat-sheet/graphics/emojis/laughing.png,Emojis and social media
blush,https://www.webfx.com/tools/emoji-cheat-sheet/graphics/emojis/blush.png,Emojis and social media
smiley,https://www.webfx.com/tools/emoji-cheat-sheet/graphics/emojis/smiley.png,Emojis and social media
relaxed,https://www.webfx.com/tools/emoji-cheat-sheet/graphics/emojis/relaxed.png,Emojis and social media
smirk,https://www.webfx.com/tools/emoji-cheat-sheet/graphics/emojis/smirk.png,Emojis and social media
heart_eyes,https://www.webfx.com/tools/emoji-cheat-sheet/graphics/emojis/heart_eyes.png,Emojis and social media
kissing_heart,https://www.webfx.com/tools/emoji-cheat-sheet/graphics/emojis/kissing_heart.png,Emojis and social media
kissing_closed_eyes,https://www.webfx.com/tools/emoji-cheat-sheet/graphics/emojis/kissing_closed_eyes.png,Emojis and social media
flushed,https://www.webfx.com/tools/emoji-cheat-sheet/graphics/emojis/flushed.png,Emojis and social media
relieved,https://www.webfx.com/tools/emoji-cheat-sheet/graphics/emojis/relieved.png,Emojis and social media
satisfied,https://www.webfx.com/tools/emoji-cheat-sheet/graphics/emojis/satisfied.png,Emojis and social media
grin,https://www.webfx.com/tools/emoji-cheat-sheet/graphics/emojis/grin.png,Emojis and social media
wink,https://www.webfx.com/tools/emoji-cheat-sheet/graphics/emojis/wink.png,Emojis and social media
stuck_out_tongue_winking_eye,https://www.webfx.com/tools/emoji-cheat-sheet/graphics/emojis/stuck_out_tongue_winking_eye.png,Emojis and social media
stuck_out_tongue_closed_eyes,https://www.webfx.com/tools/emoji-cheat-sheet/graphics/emojis/stuck_out_tongue_closed_eyes.png,Emojis and social media
grinning,https://www.webfx.com/tools/emoji-cheat-sheet/graphics/emojis/grinning.png,Emojis and social media
kissing,https://www.webfx.com/tools/emoji-cheat-sheet/graphics/emojis/kissing.png,Emojis and social media
kissing_smiling_eyes,https://www.webfx.com/tools/emoji-cheat-sheet/graphics/emojis/kissing_smiling_eyes.png,Emojis and social media
stuck_out_tongue,https://www.webfx.com/tools/emoji-cheat-sheet/graphics/emojis/stuck_out_tongue.png,Emojis and social media
sleeping,https://www.webfx.com/tools/emoji-cheat-sheet/graphics/emojis/sleeping.png,Emojis and social media
worried,https://www.webfx.com/tools/emoji-cheat-sheet/graphics/emojis/worried.png,Emojis and social media
frowning,https://www.webfx.com/tools/emoji-cheat-sheet/graphics/emojis/frowning.png,Emojis and social media
anguished,https://www.webfx.com/tools/emoji-cheat-sheet/graphics/emojis/anguished.png,Emojis and social media
open_mouth,https://www.webfx.com/tools/emoji-cheat-sheet/graphics/emojis/open_mouth.png,Emojis and social media
grimacing,https://www.webfx.com/tools/emoji-cheat-sheet/graphics/emojis/grimacing.png,Emojis and social media
confused,https://www.webfx.com/tools/emoji-cheat-sheet/graphics/emojis/confused.png,Emojis and social media
hushed,https://www.webfx.com/tools/emoji-cheat-sheet/graphics/emojis/hushed.png,Emojis and social media
expressionless,https://www.webfx.com/tools/emoji-cheat-sheet/graphics/emojis/expressionless.png,Emojis and social media
unamused,https://www.webfx.com/tools/emoji-cheat-sheet/graphics/emojis/unamused.png,Emojis and social media
sweat_smile,https://www.webfx.com/tools/emoji-cheat-sheet/graphics/emojis/sweat_smile.png,Emojis and social media
sweat,https://www.webfx.com/tools/emoji-cheat-sheet/graphics/emojis/sweat.png,Emojis and social media
disappointed_relieved,https://www.webfx.com/tools/emoji-cheat-sheet/graphics/emojis/disappointed_relieved.png,Emojis and social media
weary,https://www.webfx.com/tools/emoji-cheat-sheet/graphics/emojis/weary.png,Emojis and social media
pensive,https://www.webfx.com/tools/emoji-cheat-sheet/graphics/emojis/pensive.png,Emojis and social media
disappointed,https://www.webfx.com/tools/emoji-cheat-sheet/graphics/emojis/disappointed.png,Emojis and social media
confounded,https://www.webfx.com/tools/emoji-cheat-sheet/graphics/emojis/confounded.png,Emojis and social media
fearful,https://www.webfx.com/tools/emoji-cheat-sheet/graphics/emojis/fearful.png,Emojis and social media
cold_sweat,https://www.webfx.com/tools/emoji-cheat-sheet/graphics/emojis/cold_sweat.png,Emojis and social media
persevere,https://www.webfx.com/tools/emoji-cheat-sheet/graphics/emojis/persevere.png,Emojis and social media
cry,https://www.webfx.com/tools/emoji-cheat-sheet/graphics/emojis/cry.png,Emojis and social media
sob,https://www.webfx.com/tools/emoji-cheat-sheet/graphics/emojis/sob.png,Emojis and social media
joy,https://www.webfx.com/tools/emoji-cheat-sheet/graphics/emojis/joy.png,Emojis and social media
astonished,https://www.webfx.com/tools/emoji-cheat-sheet/graphics/emojis/astonished.png,Emojis and social media
scream,https://www.webfx.com/tools/emoji-cheat-sheet/graphics/emojis/scream.png,Emojis and social media
neckbeard,https://www.webfx.com/tools/emoji-cheat-sheet/graphics/emojis/neckbeard.png,Emojis and social media
tired_face,https://www.webfx.com/tools/emoji-cheat-sheet/graphics/emojis/tired_face.png,Emojis and social media
angry,https://www.webfx.com/tools/emoji-cheat-sheet/graphics/emojis/angry.png,Emojis and social media
rage,https://www.webfx.com/tools/emoji-cheat-sheet/graphics/emojis/rage.png,Emojis and social media
triumph,https://www.webfx.com/tools/emoji-cheat-sheet/graphics/emojis/triumph.png,Emojis and social media
sleepy,https://www.webfx.com/tools/emoji-cheat-sheet/graphics/emojis/sleepy.png,Emojis and social media
yum,https://www.webfx.com/tools/emoji-cheat-sheet/graphics/emojis/yum.png,Emojis and social media
mask,https://www.webfx.com/tools/emoji-cheat-sheet/graphics/emojis/mask.png,Emojis and social media
sunglasses,https://www.webfx.com/tools/emoji-cheat-sheet/graphics/emojis/sunglasses.png,Emojis and social media
dizzy_face,https://www.webfx.com/tools/emoji-cheat-sheet/graphics/emojis/dizzy_face.png,Emojis and social media
imp,https://www.webfx.com/tools/emoji-cheat-sheet/graphics/emojis/imp.png,Emojis and social media
smiling_imp,https://www.webfx.com/tools/emoji-cheat-sheet/graphics/emojis/smiling_imp.png,Emojis and social media
neutral_face,https://www.webfx.com/tools/emoji-cheat-sheet/graphics/emojis/neutral_face.png,Emojis and social media
no_mouth,https://www.webfx.com/tools/emoji-cheat-sheet/graphics/emojis/no_mouth.png,Emojis and social media
innocent,https://www.webfx.com/tools/emoji-cheat-sheet/graphics/emojis/innocent.png,Emojis and social media
alien,https://www.webfx.com/tools/emoji-cheat-sheet/graphics/emojis/alien.png,Emojis and social media
yellow_heart,https://www.webfx.com/tools/emoji-cheat-sheet/graphics/emojis/yellow_heart.png,Emojis and social media
blue_heart,https://www.webfx.com/tools/emoji-cheat-sheet/graphics/emojis/blue_heart.png,Emojis and social media
purple_heart,https://www.webfx.com/tools/emoji-cheat-sheet/graphics/emojis/purple_heart.png,Emojis and social media
heart,https://www.webfx.com/tools/emoji-cheat-sheet/graphics/emojis/heart.png,Emojis and social media
green_heart,https://www.webfx.com/tools/emoji-cheat-sheet/graphics/emojis/green_heart.png,Emojis and social media
broken_heart,https://www.webfx.com/tools/emoji-cheat-sheet/graphics/emojis/broken_heart.png,Emojis and social media
heartbeat,https://www.webfx.com/tools/emoji-cheat-sheet/graphics/emojis/heartbeat.png,Emojis and social media
heartpulse,https://www.webfx.com/tools/emoji-cheat-sheet/graphics/emojis/heartpulse.png,Emojis and social media
two_hearts,https://www.webfx.com/tools/emoji-cheat-sheet/graphics/emojis/two_hearts.png,Emojis and social media
revolving_hearts,https://www.webfx.com/tools/emoji-cheat-sheet/graphics/emojis/revolving_hearts.png,Emojis and social media
cupid,https://www.webfx.com/tools/emoji-cheat-sheet/graphics/emojis/cupid.png,Emojis and social media
sparkling_heart,https://www.webfx.com/tools/emoji-cheat-sheet/graphics/emojis/sparkling_heart.png,Emojis and social media
sparkles,https://www.webfx.com/tools/emoji-cheat-sheet/graphics/emojis/sparkles.png,Emojis and social media
star,https://www.webfx.com/tools/emoji-cheat-sheet/graphics/emojis/star.png,Emojis and social media
star2,https://www.webfx.com/tools/emoji-cheat-sheet/graphics/emojis/star2.png,Emojis and social media
dizzy,https://www.webfx.com/tools/emoji-cheat-sheet/graphics/emojis/dizzy.png,Emojis and social media
boom,https://www.webfx.com/tools/emoji-cheat-sheet/graphics/emojis/boom.png,Emojis and social media
collision,https://www.webfx.com/tools/emoji-cheat-sheet/graphics/emojis/collision.png,Emojis and social media
anger,https://www.webfx.com/tools/emoji-cheat-sheet/graphics/emojis/anger.png,Emojis and social media
exclamation,https://www.webfx.com/tools/emoji-cheat-sheet/graphics/emojis/exclamation.png,Emojis and social media
question,https://www.webfx.com/tools/emoji-cheat-sheet/graphics/emojis/question.png,Emojis and social media
grey_exclamation,https://www.webfx.com/tools/emoji-cheat-sheet/graphics/emojis/grey_exclamation.png,Emojis and social media
grey_question,https://www.webfx.com/tools/emoji-cheat-sheet/graphics/emojis/grey_question.png,Emojis and social media
zzz,https://www.webfx.com/tools/emoji-cheat-sheet/graphics/emojis/zzz.png,Emojis and social media
dash,https://www.webfx.com/tools/emoji-cheat-sheet/graphics/emojis/dash.png,Emojis and social media
sweat_drops,https://www.webfx.com/tools/emoji-cheat-sheet/graphics/emojis/sweat_drops.png,Emojis and social media
notes,https://www.webfx.com/tools/emoji-cheat-sheet/graphics/emojis/notes.png,Emojis and social media
musical_note,https://www.webfx.com/tools/emoji-cheat-sheet/graphics/emojis/musical_note.png,Emojis and social media
fire,https://www.webfx.com/tools/emoji-cheat-sheet/graphics/emojis/fire.png,Emojis and social media
hankey,https://www.webfx.com/tools/emoji-cheat-sheet/graphics/emojis/hankey.png,Emojis and social media
poop,https://www.webfx.com/tools/emoji-cheat-sheet/graphics/emojis/poop.png,Emojis and social media
shit,https://www.webfx.com/tools/emoji-cheat-sheet/graphics/emojis/shit.png,Emojis and social media
+1,https://www.webfx.com/tools/emoji-cheat-sheet/graphics/emojis/plus1.png,Emojis and social media
thumbsup,https://www.webfx.com/tools/emoji-cheat-sheet/graphics/emojis/thumbsup.png,Emojis and social media
-1,https://www.webfx.com/tools/emoji-cheat-sheet/graphics/emojis/-1.png,Emojis and social media
thumbsdown,https://www.webfx.com/tools/emoji-cheat-sheet/graphics/emojis/thumbsdown.png,Emojis and social media
ok_hand,https://www.webfx.com/tools/emoji-cheat-sheet/graphics/emojis/ok_hand.png,Emojis and social media
punch,https://www.webfx.com/tools/emoji-cheat-sheet/graphics/emojis/punch.png,Emojis and social media
facepunch,https://www.webfx.com/tools/emoji-cheat-sheet/graphics/emojis/facepunch.png,Emojis and social media
fist,https://www.webfx.com/tools/emoji-cheat-sheet/graphics/emojis/fist.png,Emojis and social media
v,https://www.webfx.com/tools/emoji-cheat-sheet/graphics/emojis/v.png,Emojis and social media
wave,https://www.webfx.com/tools/emoji-cheat-sheet/graphics/emojis/wave.png,Emojis and social media
hand,https://www.webfx.com/tools/emoji-cheat-sheet/graphics/emojis/hand.png,Emojis and social media
raised_hand,https://www.webfx.com/tools/emoji-cheat-sheet/graphics/emojis/raised_hand.png,Emojis and social media
open_hands,https://www.webfx.com/tools/emoji-cheat-sheet/graphics/emojis/open_hands.png,Emojis and social media
point_up,https://www.webfx.com/tools/emoji-cheat-sheet/graphics/emojis/point_up.png,Emojis and social media
point_down,https://www.webfx.com/tools/emoji-cheat-sheet/graphics/emojis/point_down.png,Emojis and social media
point_left,https://www.webfx.com/tools/emoji-cheat-sheet/graphics/emojis/point_left.png,Emojis and social media
point_right,https://www.webfx.com/tools/emoji-cheat-sheet/graphics/emojis/point_right.png,Emojis and social media
raised_hands,https://www.webfx.com/tools/emoji-cheat-sheet/graphics/emojis/raised_hands.png,Emojis and social media
pray,https://www.webfx.com/tools/emoji-cheat-sheet/graphics/emojis/pray.png,Emojis and social media
point_up_2,https://www.webfx.com/tools/emoji-cheat-sheet/graphics/emojis/point_up_2.png,Emojis and social media
clap,https://www.webfx.com/tools/emoji-cheat-sheet/graphics/emojis/clap.png,Emojis and social media
muscle,https://www.webfx.com/tools/emoji-cheat-sheet/graphics/emojis/muscle.png,Emojis and social media
metal,https://www.webfx.com/tools/emoji-cheat-sheet/graphics/emojis/metal.png,Emojis and social media
fu,https://www.webfx.com/tools/emoji-cheat-sheet/graphics/emojis/fu.png,Emojis and social media
runner,https://www.webfx.com/tools/emoji-cheat-sheet/graphics/emojis/runner.png,Emojis and social media
running,https://www.webfx.com/tools/emoji-cheat-sheet/graphics/emojis/running.png,Emojis and social media
couple,https://www.webfx.com/tools/emoji-cheat-sheet/graphics/emojis/couple.png,Emojis and social media
family,https://www.webfx.com/tools/emoji-cheat-sheet/graphics/emojis/family.png,Emojis and social media
two_men_holding_hands,https://www.webfx.com/tools/emoji-cheat-sheet/graphics/emojis/two_men_holding_hands.png,Emojis and social media
two_women_holding_hands,https://www.webfx.com/tools/emoji-cheat-sheet/graphics/emojis/two_women_holding_hands.png,Emojis and social media
dancer,https://www.webfx.com/tools/emoji-cheat-sheet/graphics/emojis/dancer.png,Emojis and social media
dancers,https://www.webfx.com/tools/emoji-cheat-sheet/graphics/emojis/dancers.png,Emojis and social media
ok_woman,https://www.webfx.com/tools/emoji-cheat-sheet/graphics/emojis/ok_woman.png,Emojis and social media
no_good,https://www.webfx.com/tools/emoji-cheat-sheet/graphics/emojis/no_good.png,Emojis and social media
information_desk_person,https://www.webfx.com/tools/emoji-cheat-sheet/graphics/emojis/information_desk_person.png,Emojis and social media
raising_hand,https://www.webfx.com/tools/emoji-cheat-sheet/graphics/emojis/raising_hand.png,Emojis and social media
bride_with_veil,https://www.webfx.com/tools/emoji-cheat-sheet/graphics/emojis/bride_with_veil.png,Emojis and social media
person_with_pouting_face,https://www.webfx.com/tools/emoji-cheat-sheet/graphics/emojis/person_with_pouting_face.png,Emojis and social media
person_frowning,https://www.webfx.com/tools/emoji-cheat-sheet/graphics/emojis/person_frowning.png,Emojis and social media
bow,https://www.webfx.com/tools/emoji-cheat-sheet/graphics/emojis/bow.png,Emojis and social media
couplekiss,https://www.webfx.com/tools/emoji-cheat-sheet/graphics/emojis/couplekiss.png,Emojis and social media
couple_with_heart,https://www.webfx.com/tools/emoji-cheat-sheet/graphics/emojis/couple_with_heart.png,Emojis and social media
massage,https://www.webfx.com/tools/emoji-cheat-sheet/graphics/emojis/massage.png,Emojis and social media
haircut,https://www.webfx.com/tools/emoji-cheat-sheet/graphics/emojis/haircut.png,Emojis and social media
nail_care,https://www.webfx.com/tools/emoji-cheat-sheet/graphics/emojis/nail_care.png,Emojis and social media
boy,https://www.webfx.com/tools/emoji-cheat-sheet/graphics/emojis/boy.png,Emojis and social media
girl,https://www.webfx.com/tools/emoji-cheat-sheet/graphics/emojis/girl.png,Emojis and social media
woman,https://www.webfx.com/tools/emoji-cheat-sheet/graphics/emojis/woman.png,Emojis and social media
man,https://www.webfx.com/tools/emoji-cheat-sheet/graphics/emojis/man.png,Emojis and social media
baby,https://www.webfx.com/tools/emoji-cheat-sheet/graphics/emojis/baby.png,Emojis and social media
older_woman,https://www.webfx.com/tools/emoji-cheat-sheet/graphics/emojis/older_woman.png,Emojis and social media
older_man,https://www.webfx.com/tools/emoji-cheat-sheet/graphics/emojis/older_man.png,Emojis and social media
person_with_blond_hair,https://www.webfx.com/tools/emoji-cheat-sheet/graphics/emojis/person_with_blond_hair.png,Emojis and social media
man_with_gua_pi_mao,https://www.webfx.com/tools/emoji-cheat-sheet/graphics/emojis/man_with_gua_pi_mao.png,Emojis and social media
man_with_turban,https://www.webfx.com/tools/emoji-cheat-sheet/graphics/emojis/man_with_turban.png,Emojis and social media
construction_worker,https://www.webfx.com/tools/emoji-cheat-sheet/graphics/emojis/construction_worker.png,Emojis and social media
cop,https://www.webfx.com/tools/emoji-cheat-sheet/graphics/emojis/cop.png,Emojis and social media
angel,https://www.webfx.com/tools/emoji-cheat-sheet/graphics/emojis/angel.png,Emojis and social media
princess,https://www.webfx.com/tools/emoji-cheat-sheet/graphics/emojis/princess.png,Emojis and social media
smiley_cat,https://www.webfx.com/tools/emoji-cheat-sheet/graphics/emojis/smiley_cat.png,Emojis and social media
smile_cat,https://www.webfx.com/tools/emoji-cheat-sheet/graphics/emojis/smile_cat.png,Emojis and social media
heart_eyes_cat,https://www.webfx.com/tools/emoji-cheat-sheet/graphics/emojis/heart_eyes_cat.png,Emojis and social media
kissing_cat,https://www.webfx.com/tools/emoji-cheat-sheet/graphics/emojis/kissing_cat.png,Emojis and social media
smirk_cat,https://www.webfx.com/tools/emoji-cheat-sheet/graphics/emojis/smirk_cat.png,Emojis and social media
scream_cat,https://www.webfx.com/tools/emoji-cheat-sheet/graphics/emojis/scream_cat.png,Emojis and social media
crying_cat_face,https://www.webfx.com/tools/emoji-cheat-sheet/graphics/emojis/crying_cat_face.png,Emojis and social media
joy_cat,https://www.webfx.com/tools/emoji-cheat-sheet/graphics/emojis/joy_cat.png,Emojis and social media
pouting_cat,https://www.webfx.com/tools/emoji-cheat-sheet/graphics/emojis/pouting_cat.png,Emojis and social media
japanese_ogre,https://www.webfx.com/tools/emoji-cheat-sheet/graphics/emojis/japanese_ogre.png,Emojis and social media
japanese_goblin,https://www.webfx.com/tools/emoji-cheat-sheet/graphics/emojis/japanese_goblin.png,Emojis and social media
see_no_evil,https://www.webfx.com/tools/emoji-cheat-sheet/graphics/emojis/see_no_evil.png,Emojis and social media
hear_no_evil,https://www.webfx.com/tools/emoji-cheat-sheet/graphics/emojis/hear_no_evil.png,Emojis and social media
speak_no_evil,https://www.webfx.com/tools/emoji-cheat-sheet/graphics/emojis/speak_no_evil.png,Emojis and social media
guardsman,https://www.webfx.com/tools/emoji-cheat-sheet/graphics/emojis/guardsman.png,Emojis and social media
skull,https://www.webfx.com/tools/emoji-cheat-sheet/graphics/emojis/skull.png,Emojis and social media
feet,https://www.webfx.com/tools/emoji-cheat-sheet/graphics/emojis/feet.png,Emojis and social media
lips,https://www.webfx.com/tools/emoji-cheat-sheet/graphics/emojis/lips.png,Emojis and social media
kiss,https://www.webfx.com/tools/emoji-cheat-sheet/graphics/emojis/kiss.png,Emojis and social media
droplet,https://www.webfx.com/tools/emoji-cheat-sheet/graphics/emojis/droplet.png,Emojis and social media
ear,https://www.webfx.com/tools/emoji-cheat-sheet/graphics/emojis/ear.png,Emojis and social media
eyes,https://www.webfx.com/tools/emoji-cheat-sheet/graphics/emojis/eyes.png,Emojis and social media
nose,https://www.webfx.com/tools/emoji-cheat-sheet/graphics/emojis/nose.png,Emojis and social media
tongue,https://www.webfx.com/tools/emoji-cheat-sheet/graphics/emojis/tongue.png,Emojis and social media
love_letter,https://www.webfx.com/tools/emoji-cheat-sheet/graphics/emojis/love_letter.png,Emojis and social media
bust_in_silhouette,https://www.webfx.com/tools/emoji-cheat-sheet/graphics/emojis/bust_in_silhouette.png,Emojis and social media
busts_in_silhouette,https://www.webfx.com/tools/emoji-cheat-sheet/graphics/emojis/busts_in_silhouette.png,Emojis and social media
speech_balloon,https://www.webfx.com/tools/emoji-cheat-sheet/graphics/emojis/speech_balloon.png,Emojis and social media
thought_balloon,https://www.webfx.com/tools/emoji-cheat-sheet/graphics/emojis/thought_balloon.png,Emojis and social media
feelsgood,https://www.webfx.com/tools/emoji-cheat-sheet/graphics/emojis/feelsgood.png,Emojis and social media
finnadie,https://www.webfx.com/tools/emoji-cheat-sheet/graphics/emojis/finnadie.png,Emojis and social media
goberserk,https://www.webfx.com/tools/emoji-cheat-sheet/graphics/emojis/goberserk.png,Emojis and social media
godmode,https://www.webfx.com/tools/emoji-cheat-sheet/graphics/emojis/godmode.png,Emojis and social media
hurtrealbad,https://www.webfx.com/tools/emoji-cheat-sheet/graphics/emojis/hurtrealbad.png,Emojis and social media
rage1,https://www.webfx.com/tools/emoji-cheat-sheet/graphics/emojis/rage1.png,Emojis and social media
rage2,https://www.webfx.com/tools/emoji-cheat-sheet/graphics/emojis/rage2.png,Emojis and social media
rage3,https://www.webfx.com/tools/emoji-cheat-sheet/graphics/emojis/rage3.png,Emojis and social media
rage4,https://www.webfx.com/tools/emoji-cheat-sheet/graphics/emojis/rage4.png,Emojis and social media
suspect,https://www.webfx.com/tools/emoji-cheat-sheet/graphics/emojis/suspect.png,Emojis and social media
trollface,https://www.webfx.com/tools/emoji-cheat-sheet/graphics/emojis/trollface.png,Emojis and social media
sunny,https://www.webfx.com/tools/emoji-cheat-sheet/graphics/emojis/sunny.png,Services
umbrella,https://www.webfx.com/tools/emoji-cheat-sheet/graphics/emojis/umbrella.png,Services
cloud,https://www.webfx.com/tools/emoji-cheat-sheet/graphics/emojis/cloud.png,Services
snowflake,https://www.webfx.com/tools/emoji-cheat-sheet/graphics/emojis/snowflake.png,Services
snowman,https://www.webfx.com/tools/emoji-cheat-sheet/graphics/emojis/snowman.png,Services
zap,https://www.webfx.com/tools/emoji-cheat-sheet/graphics/emojis/zap.png,Services
cyclone,https://www.webfx.com/tools/emoji-cheat-sheet/graphics/emojis/cyclone.png,Services
foggy,https://www.webfx.com/tools/emoji-cheat-sheet/graphics/emojis/foggy.png,Services
ocean,https://www.webfx.com/tools/emoji-cheat-sheet/graphics/emojis/ocean.png,Services
cat,https://www.webfx.com/tools/emoji-cheat-sheet/graphics/emojis/cat.png,Services
dog,https://www.webfx.com/tools/emoji-cheat-sheet/graphics/emojis/dog.png,Services
mouse,https://www.webfx.com/tools/emoji-cheat-sheet/graphics/emojis/mouse.png,Services
hamster,https://www.webfx.com/tools/emoji-cheat-sheet/graphics/emojis/hamster.png,Services
rabbit,https://www.webfx.com/tools/emoji-cheat-sheet/graphics/emojis/rabbit.png,Services
wolf,https://www.webfx.com/tools/emoji-cheat-sheet/graphics/emojis/wolf.png,Services
frog,https://www.webfx.com/tools/emoji-cheat-sheet/graphics/emojis/frog.png,Services
tiger,https://www.webfx.com/tools/emoji-cheat-sheet/graphics/emojis/tiger.png,Services
koala,https://www.webfx.com/tools/emoji-cheat-sheet/graphics/emojis/koala.png,Services
bear,https://www.webfx.com/tools/emoji-cheat-sheet/graphics/emojis/bear.png,Services
pig,https://www.webfx.com/tools/emoji-cheat-sheet/graphics/emojis/pig.png,Services
pig_nose,https://www.webfx.com/tools/emoji-cheat-sheet/graphics/emojis/pig_nose.png,Services
cow,https://www.webfx.com/tools/emoji-cheat-sheet/graphics/emojis/cow.png,Services
boar,https://www.webfx.com/tools/emoji-cheat-sheet/graphics/emojis/boar.png,Services
monkey_face,https://www.webfx.com/tools/emoji-cheat-sheet/graphics/emojis/monkey_face.png,Services
monkey,https://www.webfx.com/tools/emoji-cheat-sheet/graphics/emojis/monkey.png,Services
horse,https://www.webfx.com/tools/emoji-cheat-sheet/graphics/emojis/horse.png,Services
racehorse,https://www.webfx.com/tools/emoji-cheat-sheet/graphics/emojis/racehorse.png,Services
camel,https://www.webfx.com/tools/emoji-cheat-sheet/graphics/emojis/camel.png,Services
sheep,https://www.webfx.com/tools/emoji-cheat-sheet/graphics/emojis/sheep.png,Services
elephant,https://www.webfx.com/tools/emoji-cheat-sheet/graphics/emojis/elephant.png,Services
panda_face,https://www.webfx.com/tools/emoji-cheat-sheet/graphics/emojis/panda_face.png,Services
snake,https://www.webfx.com/tools/emoji-cheat-sheet/graphics/emojis/snake.png,Services
bird,https://www.webfx.com/tools/emoji-cheat-sheet/graphics/emojis/bird.png,Services
baby_chick,https://www.webfx.com/tools/emoji-cheat-sheet/graphics/emojis/baby_chick.png,Services
hatched_chick,https://www.webfx.com/tools/emoji-cheat-sheet/graphics/emojis/hatched_chick.png,Services
hatching_chick,https://www.webfx.com/tools/emoji-cheat-sheet/graphics/emojis/hatching_chick.png,Services
chicken,https://www.webfx.com/tools/emoji-cheat-sheet/graphics/emojis/chicken.png,Services
penguin,https://www.webfx.com/tools/emoji-cheat-sheet/graphics/emojis/penguin.png,Services
turtle,https://www.webfx.com/tools/emoji-cheat-sheet/graphics/emojis/turtle.png,Services
bug,https://www.webfx.com/tools/emoji-cheat-sheet/graphics/emojis/bug.png,Services
honeybee,https://www.webfx.com/tools/emoji-cheat-sheet/graphics/emojis/honeybee.png,Services
ant,https://www.webfx.com/tools/emoji-cheat-sheet/graphics/emojis/ant.png,Services
beetle,https://www.webfx.com/tools/emoji-cheat-sheet/graphics/emojis/beetle.png,Services
snail,https://www.webfx.com/tools/emoji-cheat-sheet/graphics/emojis/snail.png,Services
octopus,https://www.webfx.com/tools/emoji-cheat-sheet/graphics/emojis/octopus.png,Services
tropical_fish,https://www.webfx.com/tools/emoji-cheat-sheet/graphics/emojis/tropical_fish.png,Services
fish,https://www.webfx.com/tools/emoji-cheat-sheet/graphics/emojis/fish.png,Services
whale,https://www.webfx.com/tools/emoji-cheat-sheet/graphics/emojis/whale.png,Services
whale2,https://www.webfx.com/tools/emoji-cheat-sheet/graphics/emojis/whale2.png,Services
dolphin,https://www.webfx.com/tools/emoji-cheat-sheet/graphics/emojis/dolphin.png,Services
cow2,https://www.webfx.com/tools/emoji-cheat-sheet/graphics/emojis/cow2.png,Services
ram,https://www.webfx.com/tools/emoji-cheat-sheet/graphics/emojis/ram.png,Services
rat,https://www.webfx.com/tools/emoji-cheat-sheet/graphics/emojis/rat.png,Services
water_buffalo,https://www.webfx.com/tools/emoji-cheat-sheet/graphics/emojis/water_buffalo.png,Services
tiger2,https://www.webfx.com/tools/emoji-cheat-sheet/graphics/emojis/tiger2.png,Services
rabbit2,https://www.webfx.com/tools/emoji-cheat-sheet/graphics/emojis/rabbit2.png,Services
dragon,https://www.webfx.com/tools/emoji-cheat-sheet/graphics/emojis/dragon.png,Services
goat,https://www.webfx.com/tools/emoji-cheat-sheet/graphics/emojis/goat.png,Services
rooster,https://www.webfx.com/tools/emoji-cheat-sheet/graphics/emojis/rooster.png,Services
dog2,https://www.webfx.com/tools/emoji-cheat-sheet/graphics/emojis/dog2.png,Services
pig2,https://www.webfx.com/tools/emoji-cheat-sheet/graphics/emojis/pig2.png,Services
mouse2,https://www.webfx.com/tools/emoji-cheat-sheet/graphics/emojis/mouse2.png,Services
ox,https://www.webfx.com/tools/emoji-cheat-sheet/graphics/emojis/ox.png,Services
dragon_face,https://www.webfx.com/tools/emoji-cheat-sheet/graphics/emojis/dragon_face.png,Services
blowfish,https://www.webfx.com/tools/emoji-cheat-sheet/graphics/emojis/blowfish.png,Services
crocodile,https://www.webfx.com/tools/emoji-cheat-sheet/graphics/emojis/crocodile.png,Services
dromedary_camel,https://www.webfx.com/tools/emoji-cheat-sheet/graphics/emojis/dromedary_camel.png,Services
leopard,https://www.webfx.com/tools/emoji-cheat-sheet/graphics/emojis/leopard.png,Services
cat2,https://www.webfx.com/tools/emoji-cheat-sheet/graphics/emojis/cat2.png,Services
poodle,https://www.webfx.com/tools/emoji-cheat-sheet/graphics/emojis/poodle.png,Services
paw_prints,https://www.webfx.com/tools/emoji-cheat-sheet/graphics/emojis/paw_prints.png,Services
bouquet,https://www.webfx.com/tools/emoji-cheat-sheet/graphics/emojis/bouquet.png,Services
cherry_blossom,https://www.webfx.com/tools/emoji-cheat-sheet/graphics/emojis/cherry_blossom.png,Services
tulip,https://www.webfx.com/tools/emoji-cheat-sheet/graphics/emojis/tulip.png,Services
four_leaf_clover,https://www.webfx.com/tools/emoji-cheat-sheet/graphics/emojis/four_leaf_clover.png,Services
rose,https://www.webfx.com/tools/emoji-cheat-sheet/graphics/emojis/rose.png,Services
sunflower,https://www.webfx.com/tools/emoji-cheat-sheet/graphics/emojis/sunflower.png,Services
hibiscus,https://www.webfx.com/tools/emoji-cheat-sheet/graphics/emojis/hibiscus.png,Services
maple_leaf,https://www.webfx.com/tools/emoji-cheat-sheet/graphics/emojis/maple_leaf.png,Services
leaves,https://www.webfx.com/tools/emoji-cheat-sheet/graphics/emojis/leaves.png,Services
fallen_leaf,https://www.webfx.com/tools/emoji-cheat-sheet/graphics/emojis/fallen_leaf.png,Services
herb,https://www.webfx.com/tools/emoji-cheat-sheet/graphics/emojis/herb.png,Services
mushroom,https://www.webfx.com/tools/emoji-cheat-sheet/graphics/emojis/mushroom.png,Services
cactus,https://www.webfx.com/tools/emoji-cheat-sheet/graphics/emojis/cactus.png,Services
palm_tree,https://www.webfx.com/tools/emoji-cheat-sheet/graphics/emojis/palm_tree.png,Services
evergreen_tree,https://www.webfx.com/tools/emoji-cheat-sheet/graphics/emojis/evergreen_tree.png,Services
deciduous_tree,https://www.webfx.com/tools/emoji-cheat-sheet/graphics/emojis/deciduous_tree.png,Services
chestnut,https://www.webfx.com/tools/emoji-cheat-sheet/graphics/emojis/chestnut.png,Services
seedling,https://www.webfx.com/tools/emoji-cheat-sheet/graphics/emojis/seedling.png,Services
blossom,https://www.webfx.com/tools/emoji-cheat-sheet/graphics/emojis/blossom.png,Services
ear_of_rice,https://www.webfx.com/tools/emoji-cheat-sheet/graphics/emojis/ear_of_rice.png,Services
shell,https://www.webfx.com/tools/emoji-cheat-sheet/graphics/emojis/shell.png,Services
globe_with_meridians,https://www.webfx.com/tools/emoji-cheat-sheet/graphics/emojis/globe_with_meridians.png,Services
sun_with_face,https://www.webfx.com/tools/emoji-cheat-sheet/graphics/emojis/sun_with_face.png,Services
full_moon_with_face,https://www.webfx.com/tools/emoji-cheat-sheet/graphics/emojis/full_moon_with_face.png,Services
new_moon_with_face,https://www.webfx.com/tools/emoji-cheat-sheet/graphics/emojis/new_moon_with_face.png,Services
new_moon,https://www.webfx.com/tools/emoji-cheat-sheet/graphics/emojis/new_moon.png,Services
waxing_crescent_moon,https://www.webfx.com/tools/emoji-cheat-sheet/graphics/emojis/waxing_crescent_moon.png,Services
first_quarter_moon,https://www.webfx.com/tools/emoji-cheat-sheet/graphics/emojis/first_quarter_moon.png,Services
waxing_gibbous_moon,https://www.webfx.com/tools/emoji-cheat-sheet/graphics/emojis/waxing_gibbous_moon.png,Services
full_moon,https://www.webfx.com/tools/emoji-cheat-sheet/graphics/emojis/full_moon.png,Services
waning_gibbous_moon,https://www.webfx.com/tools/emoji-cheat-sheet/graphics/emojis/waning_gibbous_moon.png,Services
last_quarter_moon,https://www.webfx.com/tools/emoji-cheat-sheet/graphics/emojis/last_quarter_moon.png,Services
waning_crescent_moon,https://www.webfx.com/tools/emoji-cheat-sheet/graphics/emojis/waning_crescent_moon.png,Services
last_quarter_moon_with_face,https://www.webfx.com/tools/emoji-cheat-sheet/graphics/emojis/last_quarter_moon_with_face.png,Services
first_quarter_moon_with_face,https://www.webfx.com/tools/emoji-cheat-sheet/graphics/emojis/first_quarter_moon_with_face.png,Services
crescent_moon,https://www.webfx.com/tools/emoji-cheat-sheet/graphics/emojis/crescent_moon.png,Services
earth_africa,https://www.webfx.com/tools/emoji-cheat-sheet/graphics/emojis/earth_africa.png,Services
earth_americas,https://www.webfx.com/tools/emoji-cheat-sheet/graphics/emojis/earth_americas.png,Services
earth_asia,https://www.webfx.com/tools/emoji-cheat-sheet/graphics/emojis/earth_asia.png,Services
volcano,https://www.webfx.com/tools/emoji-cheat-sheet/graphics/emojis/volcano.png,Services
milky_way,https://www.webfx.com/tools/emoji-cheat-sheet/graphics/emojis/milky_way.png,Services
partly_sunny,https://www.webfx.com/tools/emoji-cheat-sheet/graphics/emojis/partly_sunny.png,Services
octocat,https://www.webfx.com/tools/emoji-cheat-sheet/graphics/emojis/octocat.png,Services
squirrel,https://www.webfx.com/tools/emoji-cheat-sheet/graphics/emojis/squirrel.png,Services
bamboo,https://www.webfx.com/tools/emoji-cheat-sheet/graphics/emojis/bamboo.png,Knowledge Base
gift_heart,https://www.webfx.com/tools/emoji-cheat-sheet/graphics/emojis/gift_heart.png,Knowledge Base
dolls,https://www.webfx.com/tools/emoji-cheat-sheet/graphics/emojis/dolls.png,Knowledge Base
school_satchel,https://www.webfx.com/tools/emoji-cheat-sheet/graphics/emojis/school_satchel.png,Knowledge Base
mortar_board,https://www.webfx.com/tools/emoji-cheat-sheet/graphics/emojis/mortar_board.png,Knowledge Base
flags,https://www.webfx.com/tools/emoji-cheat-sheet/graphics/emojis/flags.png,Knowledge Base
fireworks,https://www.webfx.com/tools/emoji-cheat-sheet/graphics/emojis/fireworks.png,Knowledge Base
sparkler,https://www.webfx.com/tools/emoji-cheat-sheet/graphics/emojis/sparkler.png,Knowledge Base
wind_chime,https://www.webfx.com/tools/emoji-cheat-sheet/graphics/emojis/wind_chime.png,Knowledge Base
rice_scene,https://www.webfx.com/tools/emoji-cheat-sheet/graphics/emojis/rice_scene.png,Knowledge Base
jack_o_lantern,https://www.webfx.com/tools/emoji-cheat-sheet/graphics/emojis/jack_o_lantern.png,Knowledge Base
ghost,https://www.webfx.com/tools/emoji-cheat-sheet/graphics/emojis/ghost.png,Knowledge Base
santa,https://www.webfx.com/tools/emoji-cheat-sheet/graphics/emojis/santa.png,Knowledge Base
christmas_tree,https://www.webfx.com/tools/emoji-cheat-sheet/graphics/emojis/christmas_tree.png,Knowledge Base
gift,https://www.webfx.com/tools/emoji-cheat-sheet/graphics/emojis/gift.png,Knowledge Base
bell,https://www.webfx.com/tools/emoji-cheat-sheet/graphics/emojis/bell.png,Knowledge Base
no_bell,https://www.webfx.com/tools/emoji-cheat-sheet/graphics/emojis/no_bell.png,Knowledge Base
tanabata_tree,https://www.webfx.com/tools/emoji-cheat-sheet/graphics/emojis/tanabata_tree.png,Knowledge Base
tada,https://www.webfx.com/tools/emoji-cheat-sheet/graphics/emojis/tada.png,Knowledge Base
confetti_ball,https://www.webfx.com/tools/emoji-cheat-sheet/graphics/emojis/confetti_ball.png,Knowledge Base
balloon,https://www.webfx.com/tools/emoji-cheat-sheet/graphics/emojis/balloon.png,Knowledge Base
crystal_ball,https://www.webfx.com/tools/emoji-cheat-sheet/graphics/emojis/crystal_ball.png,Knowledge Base
cd,https://www.webfx.com/tools/emoji-cheat-sheet/graphics/emojis/cd.png,Knowledge Base
dvd,https://www.webfx.com/tools/emoji-cheat-sheet/graphics/emojis/dvd.png,Knowledge Base
floppy_disk,https://www.webfx.com/tools/emoji-cheat-sheet/graphics/emojis/floppy_disk.png,Knowledge Base
camera,https://www.webfx.com/tools/emoji-cheat-sheet/graphics/emojis/camera.png,Knowledge Base
video_camera,https://www.webfx.com/tools/emoji-cheat-sheet/graphics/emojis/video_camera.png,Knowledge Base
movie_camera,https://www.webfx.com/tools/emoji-cheat-sheet/graphics/emojis/movie_camera.png,Knowledge Base
computer,https://www.webfx.com/tools/emoji-cheat-sheet/graphics/emojis/computer.png,Knowledge Base
tv,https://www.webfx.com/tools/emoji-cheat-sheet/graphics/emojis/tv.png,Knowledge Base
iphone,https://www.webfx.com/tools/emoji-cheat-sheet/graphics/emojis/iphone.png,Knowledge Base
phone,https://www.webfx.com/tools/emoji-cheat-sheet/graphics/emojis/phone.png,Knowledge Base
telephone,https://www.webfx.com/tools/emoji-cheat-sheet/graphics/emojis/telephone.png,Knowledge Base
telephone_receiver,https://www.webfx.com/tools/emoji-cheat-sheet/graphics/emojis/telephone_receiver.png,Knowledge Base
pager,https://www.webfx.com/tools/emoji-cheat-sheet/graphics/emojis/pager.png,Knowledge Base
fax,https://www.webfx.com/tools/emoji-cheat-sheet/graphics/emojis/fax.png,Knowledge Base
minidisc,https://www.webfx.com/tools/emoji-cheat-sheet/graphics/emojis/minidisc.png,Knowledge Base
vhs,https://www.webfx.com/tools/emoji-cheat-sheet/graphics/emojis/vhs.png,Knowledge Base
sound,https://www.webfx.com/tools/emoji-cheat-sheet/graphics/emojis/sound.png,Knowledge Base
speaker,https://www.webfx.com/tools/emoji-cheat-sheet/graphics/emojis/speaker.png,Knowledge Base
mute,https://www.webfx.com/tools/emoji-cheat-sheet/graphics/emojis/mute.png,Knowledge Base
loudspeaker,https://www.webfx.com/tools/emoji-cheat-sheet/graphics/emojis/loudspeaker.png,Knowledge Base
mega,https://www.webfx.com/tools/emoji-cheat-sheet/graphics/emojis/mega.png,Knowledge Base
hourglass,https://www.webfx.com/tools/emoji-cheat-sheet/graphics/emojis/hourglass.png,Knowledge Base
hourglass_flowing_sand,https://www.webfx.com/tools/emoji-cheat-sheet/graphics/emojis/hourglass_flowing_sand.png,Knowledge Base
alarm_clock,https://www.webfx.com/tools/emoji-cheat-sheet/graphics/emojis/alarm_clock.png,Knowledge Base
watch,https://www.webfx.com/tools/emoji-cheat-sheet/graphics/emojis/watch.png,Knowledge Base
radio,https://www.webfx.com/tools/emoji-cheat-sheet/graphics/emojis/radio.png,Knowledge Base
satellite,https://www.webfx.com/tools/emoji-cheat-sheet/graphics/emojis/satellite.png,Knowledge Base
loop,https://www.webfx.com/tools/emoji-cheat-sheet/graphics/emojis/loop.png,Knowledge Base
mag,https://www.webfx.com/tools/emoji-cheat-sheet/graphics/emojis/mag.png,Knowledge Base
mag_right,https://www.webfx.com/tools/emoji-cheat-sheet/graphics/emojis/mag_right.png,Knowledge Base
unlock,https://www.webfx.com/tools/emoji-cheat-sheet/graphics/emojis/unlock.png,Knowledge Base
lock,https://www.webfx.com/tools/emoji-cheat-sheet/graphics/emojis/lock.png,Knowledge Base
lock_with_ink_pen,https://www.webfx.com/tools/emoji-cheat-sheet/graphics/emojis/lock_with_ink_pen.png,Knowledge Base
closed_lock_with_key,https://www.webfx.com/tools/emoji-cheat-sheet/graphics/emojis/closed_lock_with_key.png,Knowledge Base
key,https://www.webfx.com/tools/emoji-cheat-sheet/graphics/emojis/key.png,Knowledge Base
bulb,https://www.webfx.com/tools/emoji-cheat-sheet/graphics/emojis/bulb.png,Knowledge Base
flashlight,https://www.webfx.com/tools/emoji-cheat-sheet/graphics/emojis/flashlight.png,Knowledge Base
high_brightness,https://www.webfx.com/tools/emoji-cheat-sheet/graphics/emojis/high_brightness.png,Knowledge Base
low_brightness,https://www.webfx.com/tools/emoji-cheat-sheet/graphics/emojis/low_brightness.png,Knowledge Base
electric_plug,https://www.webfx.com/tools/emoji-cheat-sheet/graphics/emojis/electric_plug.png,Knowledge Base
battery,https://www.webfx.com/tools/emoji-cheat-sheet/graphics/emojis/battery.png,Knowledge Base
calling,https://www.webfx.com/tools/emoji-cheat-sheet/graphics/emojis/calling.png,Knowledge Base
email,https://www.webfx.com/tools/emoji-cheat-sheet/graphics/emojis/email.png,Knowledge Base
mailbox,https://www.webfx.com/tools/emoji-cheat-sheet/graphics/emojis/mailbox.png,Knowledge Base
postbox,https://www.webfx.com/tools/emoji-cheat-sheet/graphics/emojis/postbox.png,Knowledge Base
bath,https://www.webfx.com/tools/emoji-cheat-sheet/graphics/emojis/bath.png,Knowledge Base
bathtub,https://www.webfx.com/tools/emoji-cheat-sheet/graphics/emojis/bathtub.png,Knowledge Base
shower,https://www.webfx.com/tools/emoji-cheat-sheet/graphics/emojis/shower.png,Knowledge Base
toilet,https://www.webfx.com/tools/emoji-cheat-sheet/graphics/emojis/toilet.png,Knowledge Base
wrench,https://www.webfx.com/tools/emoji-cheat-sheet/graphics/emojis/wrench.png,Knowledge Base
nut_and_bolt,https://www.webfx.com/tools/emoji-cheat-sheet/graphics/emojis/nut_and_bolt.png,Knowledge Base
hammer,https://www.webfx.com/tools/emoji-cheat-sheet/graphics/emojis/hammer.png,Knowledge Base
seat,https://www.webfx.com/tools/emoji-cheat-sheet/graphics/emojis/seat.png,Knowledge Base
moneybag,https://www.webfx.com/tools/emoji-cheat-sheet/graphics/emojis/moneybag.png,Knowledge Base
yen,https://www.webfx.com/tools/emoji-cheat-sheet/graphics/emojis/yen.png,Knowledge Base
dollar,https://www.webfx.com/tools/emoji-cheat-sheet/graphics/emojis/dollar.png,Knowledge Base
pound,https://www.webfx.com/tools/emoji-cheat-sheet/graphics/emojis/pound.png,Knowledge Base
euro,https://www.webfx.com/tools/emoji-cheat-sheet/graphics/emojis/euro.png,Knowledge Base
credit_card,https://www.webfx.com/tools/emoji-cheat-sheet/graphics/emojis/credit_card.png,Knowledge Base
money_with_wings,https://www.webfx.com/tools/emoji-cheat-sheet/graphics/emojis/money_with_wings.png,Knowledge Base
e-mail,https://www.webfx.com/tools/emoji-cheat-sheet/graphics/emojis/e-mail.png,Knowledge Base
inbox_tray,https://www.webfx.com/tools/emoji-cheat-sheet/graphics/emojis/inbox_tray.png,Knowledge Base
outbox_tray,https://www.webfx.com/tools/emoji-cheat-sheet/graphics/emojis/outbox_tray.png,Knowledge Base
envelope,https://www.webfx.com/tools/emoji-cheat-sheet/graphics/emojis/envelope.png,Knowledge Base
incoming_envelope,https://www.webfx.com/tools/emoji-cheat-sheet/graphics/emojis/incoming_envelope.png,Knowledge Base
postal_horn,https://www.webfx.com/tools/emoji-cheat-sheet/graphics/emojis/postal_horn.png,Knowledge Base
mailbox_closed,https://www.webfx.com/tools/emoji-cheat-sheet/graphics/emojis/mailbox_closed.png,Knowledge Base
mailbox_with_mail,https://www.webfx.com/tools/emoji-cheat-sheet/graphics/emojis/mailbox_with_mail.png,Knowledge Base
mailbox_with_no_mail,https://www.webfx.com/tools/emoji-cheat-sheet/graphics/emojis/mailbox_with_no_mail.png,Knowledge Base
package,https://www.webfx.com/tools/emoji-cheat-sheet/graphics/emojis/package.png,Knowledge Base
door,https://www.webfx.com/tools/emoji-cheat-sheet/graphics/emojis/door.png,Knowledge Base
smoking,https://www.webfx.com/tools/emoji-cheat-sheet/graphics/emojis/smoking.png,Knowledge Base
bomb,https://www.webfx.com/tools/emoji-cheat-sheet/graphics/emojis/bomb.png,Knowledge Base
gun,https://www.webfx.com/tools/emoji-cheat-sheet/graphics/emojis/gun.png,Knowledge Base
hocho,https://www.webfx.com/tools/emoji-cheat-sheet/graphics/emojis/hocho.png,Knowledge Base
pill,https://www.webfx.com/tools/emoji-cheat-sheet/graphics/emojis/pill.png,Knowledge Base
syringe,https://www.webfx.com/tools/emoji-cheat-sheet/graphics/emojis/syringe.png,Knowledge Base
page_facing_up,https://www.webfx.com/tools/emoji-cheat-sheet/graphics/emojis/page_facing_up.png,Knowledge Base
page_with_curl,https://www.webfx.com/tools/emoji-cheat-sheet/graphics/emojis/page_with_curl.png,Knowledge Base
bookmark_tabs,https://www.webfx.com/tools/emoji-cheat-sheet/graphics/emojis/bookmark_tabs.png,Knowledge Base
bar_chart,https://www.webfx.com/tools/emoji-cheat-sheet/graphics/emojis/bar_chart.png,Knowledge Base
chart_with_upwards_trend,https://www.webfx.com/tools/emoji-cheat-sheet/graphics/emojis/chart_with_upwards_trend.png,Knowledge Base
chart_with_downwards_trend,https://www.webfx.com/tools/emoji-cheat-sheet/graphics/emojis/chart_with_downwards_trend.png,Knowledge Base
scroll,https://www.webfx.com/tools/emoji-cheat-sheet/graphics/emojis/scroll.png,Knowledge Base
clipboard,https://www.webfx.com/tools/emoji-cheat-sheet/graphics/emojis/clipboard.png,Knowledge Base
calendar,https://www.webfx.com/tools/emoji-cheat-sheet/graphics/emojis/calendar.png,Knowledge Base
date,https://www.webfx.com/tools/emoji-cheat-sheet/graphics/emojis/date.png,Knowledge Base
card_index,https://www.webfx.com/tools/emoji-cheat-sheet/graphics/emojis/card_index.png,Knowledge Base
file_folder,https://www.webfx.com/tools/emoji-cheat-sheet/graphics/emojis/file_folder.png,Knowledge Base
open_file_folder,https://www.webfx.com/tools/emoji-cheat-sheet/graphics/emojis/open_file_folder.png,Knowledge Base
scissors,https://www.webfx.com/tools/emoji-cheat-sheet/graphics/emojis/scissors.png,Knowledge Base
pushpin,https://www.webfx.com/tools/emoji-cheat-sheet/graphics/emojis/pushpin.png,Knowledge Base
paperclip,https://www.webfx.com/tools/emoji-cheat-sheet/graphics/emojis/paperclip.png,Knowledge Base
black_nib,https://www.webfx.com/tools/emoji-cheat-sheet/graphics/emojis/black_nib.png,Knowledge Base
pencil2,https://www.webfx.com/tools/emoji-cheat-sheet/graphics/emojis/pencil2.png,Knowledge Base
straight_ruler,https://www.webfx.com/tools/emoji-cheat-sheet/graphics/emojis/straight_ruler.png,Knowledge Base
triangular_ruler,https://www.webfx.com/tools/emoji-cheat-sheet/graphics/emojis/triangular_ruler.png,Knowledge Base
closed_book,https://www.webfx.com/tools/emoji-cheat-sheet/graphics/emojis/closed_book.png,Knowledge Base
green_book,https://www.webfx.com/tools/emoji-cheat-sheet/graphics/emojis/green_book.png,Knowledge Base
blue_book,https://www.webfx.com/tools/emoji-cheat-sheet/graphics/emojis/blue_book.png,Knowledge Base
orange_book,https://www.webfx.com/tools/emoji-cheat-sheet/graphics/emojis/orange_book.png,Knowledge Base
notebook,https://www.webfx.com/tools/emoji-cheat-sheet/graphics/emojis/notebook.png,Knowledge Base
notebook_with_decorative_cover,https://www.webfx.com/tools/emoji-cheat-sheet/graphics/emojis/notebook_with_decorative_cover.png,Knowledge Base
ledger,https://www.webfx.com/tools/emoji-cheat-sheet/graphics/emojis/ledger.png,Knowledge Base
books,https://www.webfx.com/tools/emoji-cheat-sheet/graphics/emojis/books.png,Knowledge Base
bookmark,https://www.webfx.com/tools/emoji-cheat-sheet/graphics/emojis/bookmark.png,Knowledge Base
name_badge,https://www.webfx.com/tools/emoji-cheat-sheet/graphics/emojis/name_badge.png,Knowledge Base
microscope,https://www.webfx.com/tools/emoji-cheat-sheet/graphics/emojis/microscope.png,Knowledge Base
telescope,https://www.webfx.com/tools/emoji-cheat-sheet/graphics/emojis/telescope.png,Knowledge Base
newspaper,https://www.webfx.com/tools/emoji-cheat-sheet/graphics/emojis/newspaper.png,Knowledge Base
football,https://www.webfx.com/tools/emoji-cheat-sheet/graphics/emojis/football.png,Knowledge Base
basketball,https://www.webfx.com/tools/emoji-cheat-sheet/graphics/emojis/basketball.png,Knowledge Base
soccer,https://www.webfx.com/tools/emoji-cheat-sheet/graphics/emojis/soccer.png,Knowledge Base
baseball,https://www.webfx.com/tools/emoji-cheat-sheet/graphics/emojis/baseball.png,Knowledge Base
tennis,https://www.webfx.com/tools/emoji-cheat-sheet/graphics/emojis/tennis.png,Knowledge Base
8ball,https://www.webfx.com/tools/emoji-cheat-sheet/graphics/emojis/8ball.png,Knowledge Base
rugby_football,https://www.webfx.com/tools/emoji-cheat-sheet/graphics/emojis/rugby_football.png,Knowledge Base
bowling,https://www.webfx.com/tools/emoji-cheat-sheet/graphics/emojis/bowling.png,Knowledge Base
golf,https://www.webfx.com/tools/emoji-cheat-sheet/graphics/emojis/golf.png,Knowledge Base
mountain_bicyclist,https://www.webfx.com/tools/emoji-cheat-sheet/graphics/emojis/mountain_bicyclist.png,Knowledge Base
bicyclist,https://www.webfx.com/tools/emoji-cheat-sheet/graphics/emojis/bicyclist.png,Knowledge Base
horse_racing,https://www.webfx.com/tools/emoji-cheat-sheet/graphics/emojis/horse_racing.png,Knowledge Base
snowboarder,https://www.webfx.com/tools/emoji-cheat-sheet/graphics/emojis/snowboarder.png,Knowledge Base
swimmer,https://www.webfx.com/tools/emoji-cheat-sheet/graphics/emojis/swimmer.png,Knowledge Base
surfer,https://www.webfx.com/tools/emoji-cheat-sheet/graphics/emojis/surfer.png,Knowledge Base
ski,https://www.webfx.com/tools/emoji-cheat-sheet/graphics/emojis/ski.png,Knowledge Base
spades,https://www.webfx.com/tools/emoji-cheat-sheet/graphics/emojis/spades.png,Knowledge Base
hearts,https://www.webfx.com/tools/emoji-cheat-sheet/graphics/emojis/hearts.png,Knowledge Base
clubs,https://www.webfx.com/tools/emoji-cheat-sheet/graphics/emojis/clubs.png,Knowledge Base
diamonds,https://www.webfx.com/tools/emoji-cheat-sheet/graphics/emojis/diamonds.png,Knowledge Base
gem,https://www.webfx.com/tools/emoji-cheat-sheet/graphics/emojis/gem.png,Knowledge Base
ring,https://www.webfx.com/tools/emoji-cheat-sheet/graphics/emojis/ring.png,Knowledge Base
trophy,https://www.webfx.com/tools/emoji-cheat-sheet/graphics/emojis/trophy.png,Knowledge Base
musical_score,https://www.webfx.com/tools/emoji-cheat-sheet/graphics/emojis/musical_score.png,Knowledge Base
musical_keyboard,https://www.webfx.com/tools/emoji-cheat-sheet/graphics/emojis/musical_keyboard.png,Knowledge Base
violin,https://www.webfx.com/tools/emoji-cheat-sheet/graphics/emojis/violin.png,Knowledge Base
space_invader,https://www.webfx.com/tools/emoji-cheat-sheet/graphics/emojis/space_invader.png,Knowledge Base
video_game,https://www.webfx.com/tools/emoji-cheat-sheet/graphics/emojis/video_game.png,Knowledge Base
black_joker,https://www.webfx.com/tools/emoji-cheat-sheet/graphics/emojis/black_joker.png,Knowledge Base
flower_playing_cards,https://www.webfx.com/tools/emoji-cheat-sheet/graphics/emojis/flower_playing_cards.png,Knowledge Base
game_die,https://www.webfx.com/tools/emoji-cheat-sheet/graphics/emojis/game_die.png,Knowledge Base
dart,https://www.webfx.com/tools/emoji-cheat-sheet/graphics/emojis/dart.png,Knowledge Base
mahjong,https://www.webfx.com/tools/emoji-cheat-sheet/graphics/emojis/mahjong.png,Knowledge Base
clapper,https://www.webfx.com/tools/emoji-cheat-sheet/graphics/emojis/clapper.png,Knowledge Base
memo,https://www.webfx.com/tools/emoji-cheat-sheet/graphics/emojis/memo.png,Knowledge Base
pencil,https://www.webfx.com/tools/emoji-cheat-sheet/graphics/emojis/pencil.png,Knowledge Base
book,https://www.webfx.com/tools/emoji-cheat-sheet/graphics/emojis/book.png,Knowledge Base
art,https://www.webfx.com/tools/emoji-cheat-sheet/graphics/emojis/art.png,Knowledge Base
microphone,https://www.webfx.com/tools/emoji-cheat-sheet/graphics/emojis/microphone.png,Knowledge Base
headphones,https://www.webfx.com/tools/emoji-cheat-sheet/graphics/emojis/headphones.png,Knowledge Base
trumpet,https://www.webfx.com/tools/emoji-cheat-sheet/graphics/emojis/trumpet.png,Knowledge Base
saxophone,https://www.webfx.com/tools/emoji-cheat-sheet/graphics/emojis/saxophone.png,Knowledge Base
guitar,https://www.webfx.com/tools/emoji-cheat-sheet/graphics/emojis/guitar.png,Knowledge Base
shoe,https://www.webfx.com/tools/emoji-cheat-sheet/graphics/emojis/shoe.png,Knowledge Base
sandal,https://www.webfx.com/tools/emoji-cheat-sheet/graphics/emojis/sandal.png,Knowledge Base
high_heel,https://www.webfx.com/tools/emoji-cheat-sheet/graphics/emojis/high_heel.png,Knowledge Base
lipstick,https://www.webfx.com/tools/emoji-cheat-sheet/graphics/emojis/lipstick.png,Knowledge Base
boot,https://www.webfx.com/tools/emoji-cheat-sheet/graphics/emojis/boot.png,Knowledge Base
shirt,https://www.webfx.com/tools/emoji-cheat-sheet/graphics/emojis/shirt.png,Knowledge Base
tshirt,https://www.webfx.com/tools/emoji-cheat-sheet/graphics/emojis/tshirt.png,Knowledge Base
necktie,https://www.webfx.com/tools/emoji-cheat-sheet/graphics/emojis/necktie.png,Knowledge Base
womans_clothes,https://www.webfx.com/tools/emoji-cheat-sheet/graphics/emojis/womans_clothes.png,Knowledge Base
dress,https://www.webfx.com/tools/emoji-cheat-sheet/graphics/emojis/dress.png,Knowledge Base
running_shirt_with_sash,https://www.webfx.com/tools/emoji-cheat-sheet/graphics/emojis/running_shirt_with_sash.png,Knowledge Base
jeans,https://www.webfx.com/tools/emoji-cheat-sheet/graphics/emojis/jeans.png,Knowledge Base
kimono,https://www.webfx.com/tools/emoji-cheat-sheet/graphics/emojis/kimono.png,Knowledge Base
bikini,https://www.webfx.com/tools/emoji-cheat-sheet/graphics/emojis/bikini.png,Knowledge Base
ribbon,https://www.webfx.com/tools/emoji-cheat-sheet/graphics/emojis/ribbon.png,Knowledge Base
tophat,https://www.webfx.com/tools/emoji-cheat-sheet/graphics/emojis/tophat.png,Knowledge Base
crown,https://www.webfx.com/tools/emoji-cheat-sheet/graphics/emojis/crown.png,Knowledge Base
womans_hat,https://www.webfx.com/tools/emoji-cheat-sheet/graphics/emojis/womans_hat.png,Knowledge Base
mans_shoe,https://www.webfx.com/tools/emoji-cheat-sheet/graphics/emojis/mans_shoe.png,Knowledge Base
closed_umbrella,https://www.webfx.com/tools/emoji-cheat-sheet/graphics/emojis/closed_umbrella.png,Knowledge Base
briefcase,https://www.webfx.com/tools/emoji-cheat-sheet/graphics/emojis/briefcase.png,Knowledge Base
handbag,https://www.webfx.com/tools/emoji-cheat-sheet/graphics/emojis/handbag.png,Knowledge Base
pouch,https://www.webfx.com/tools/emoji-cheat-sheet/graphics/emojis/pouch.png,Knowledge Base
purse,https://www.webfx.com/tools/emoji-cheat-sheet/graphics/emojis/purse.png,Knowledge Base
eyeglasses,https://www.webfx.com/tools/emoji-cheat-sheet/graphics/emojis/eyeglasses.png,Knowledge Base
fishing_pole_and_fish,https://www.webfx.com/tools/emoji-cheat-sheet/graphics/emojis/fishing_pole_and_fish.png,Knowledge Base
coffee,https://www.webfx.com/tools/emoji-cheat-sheet/graphics/emojis/coffee.png,Knowledge Base
tea,https://www.webfx.com/tools/emoji-cheat-sheet/graphics/emojis/tea.png,Knowledge Base
sake,https://www.webfx.com/tools/emoji-cheat-sheet/graphics/emojis/sake.png,Knowledge Base
baby_bottle,https://www.webfx.com/tools/emoji-cheat-sheet/graphics/emojis/baby_bottle.png,Knowledge Base
beer,https://www.webfx.com/tools/emoji-cheat-sheet/graphics/emojis/beer.png,Knowledge Base
beers,https://www.webfx.com/tools/emoji-cheat-sheet/graphics/emojis/beers.png,Knowledge Base
cocktail,https://www.webfx.com/tools/emoji-cheat-sheet/graphics/emojis/cocktail.png,Knowledge Base
tropical_drink,https://www.webfx.com/tools/emoji-cheat-sheet/graphics/emojis/tropical_drink.png,Knowledge Base
wine_glass,https://www.webfx.com/tools/emoji-cheat-sheet/graphics/emojis/wine_glass.png,Knowledge Base
fork_and_knife,https://www.webfx.com/tools/emoji-cheat-sheet/graphics/emojis/fork_and_knife.png,Knowledge Base
pizza,https://www.webfx.com/tools/emoji-cheat-sheet/graphics/emojis/pizza.png,Knowledge Base
hamburger,https://www.webfx.com/tools/emoji-cheat-sheet/graphics/emojis/hamburger.png,Knowledge Base
fries,https://www.webfx.com/tools/emoji-cheat-sheet/graphics/emojis/fries.png,Knowledge Base
poultry_leg,https://www.webfx.com/tools/emoji-cheat-sheet/graphics/emojis/poultry_leg.png,Knowledge Base
meat_on_bone,https://www.webfx.com/tools/emoji-cheat-sheet/graphics/emojis/meat_on_bone.png,Knowledge Base
spaghetti,https://www.webfx.com/tools/emoji-cheat-sheet/graphics/emojis/spaghetti.png,Knowledge Base
curry,https://www.webfx.com/tools/emoji-cheat-sheet/graphics/emojis/curry.png,Knowledge Base
fried_shrimp,https://www.webfx.com/tools/emoji-cheat-sheet/graphics/emojis/fried_shrimp.png,Knowledge Base
bento,https://www.webfx.com/tools/emoji-cheat-sheet/graphics/emojis/bento.png,Knowledge Base
sushi,https://www.webfx.com/tools/emoji-cheat-sheet/graphics/emojis/sushi.png,Knowledge Base
fish_cake,https://www.webfx.com/tools/emoji-cheat-sheet/graphics/emojis/fish_cake.png,Knowledge Base
rice_ball,https://www.webfx.com/tools/emoji-cheat-sheet/graphics/emojis/rice_ball.png,Knowledge Base
rice_cracker,https://www.webfx.com/tools/emoji-cheat-sheet/graphics/emojis/rice_cracker.png,Knowledge Base
rice,https://www.webfx.com/tools/emoji-cheat-sheet/graphics/emojis/rice.png,Knowledge Base
ramen,https://www.webfx.com/tools/emoji-cheat-sheet/graphics/emojis/ramen.png,Knowledge Base
stew,https://www.webfx.com/tools/emoji-cheat-sheet/graphics/emojis/stew.png,Knowledge Base
oden,https://www.webfx.com/tools/emoji-cheat-sheet/graphics/emojis/oden.png,Knowledge Base
dango,https://www.webfx.com/tools/emoji-cheat-sheet/graphics/emojis/dango.png,Knowledge Base
egg,https://www.webfx.com/tools/emoji-cheat-sheet/graphics/emojis/egg.png,Knowledge Base
bread,https://www.webfx.com/tools/emoji-cheat-sheet/graphics/emojis/bread.png,Knowledge Base
doughnut,https://www.webfx.com/tools/emoji-cheat-sheet/graphics/emojis/doughnut.png,Knowledge Base
custard,https://www.webfx.com/tools/emoji-cheat-sheet/graphics/emojis/custard.png,Knowledge Base
icecream,https://www.webfx.com/tools/emoji-cheat-sheet/graphics/emojis/icecream.png,Knowledge Base
ice_cream,https://www.webfx.com/tools/emoji-cheat-sheet/graphics/emojis/ice_cream.png,Knowledge Base
shaved_ice,https://www.webfx.com/tools/emoji-cheat-sheet/graphics/emojis/shaved_ice.png,Knowledge Base
birthday,https://www.webfx.com/tools/emoji-cheat-sheet/graphics/emojis/birthday.png,Knowledge Base
cake,https://www.webfx.com/tools/emoji-cheat-sheet/graphics/emojis/cake.png,Knowledge Base
cookie,https://www.webfx.com/tools/emoji-cheat-sheet/graphics/emojis/cookie.png,Knowledge Base
chocolate_bar,https://www.webfx.com/tools/emoji-cheat-sheet/graphics/emojis/chocolate_bar.png,Knowledge Base
candy,https://www.webfx.com/tools/emoji-cheat-sheet/graphics/emojis/candy.png,Knowledge Base
lollipop,https://www.webfx.com/tools/emoji-cheat-sheet/graphics/emojis/lollipop.png,Knowledge Base
honey_pot,https://www.webfx.com/tools/emoji-cheat-sheet/graphics/emojis/honey_pot.png,Knowledge Base
apple,https://www.webfx.com/tools/emoji-cheat-sheet/graphics/emojis/apple.png,Knowledge Base
green_apple,https://www.webfx.com/tools/emoji-cheat-sheet/graphics/emojis/green_apple.png,Knowledge Base
tangerine,https://www.webfx.com/tools/emoji-cheat-sheet/graphics/emojis/tangerine.png,Knowledge Base
lemon,https://www.webfx.com/tools/emoji-cheat-sheet/graphics/emojis/lemon.png,Knowledge Base
cherries,https://www.webfx.com/tools/emoji-cheat-sheet/graphics/emojis/cherries.png,Knowledge Base
grapes,https://www.webfx.com/tools/emoji-cheat-sheet/graphics/emojis/grapes.png,Knowledge Base
watermelon,https://www.webfx.com/tools/emoji-cheat-sheet/graphics/emojis/watermelon.png,Knowledge Base
strawberry,https://www.webfx.com/tools/emoji-cheat-sheet/graphics/emojis/strawberry.png,Knowledge Base
peach,https://www.webfx.com/tools/emoji-cheat-sheet/graphics/emojis/peach.png,Knowledge Base
melon,https://www.webfx.com/tools/emoji-cheat-sheet/graphics/emojis/melon.png,Knowledge Base
banana,https://www.webfx.com/tools/emoji-cheat-sheet/graphics/emojis/banana.png,Knowledge Base
pear,https://www.webfx.com/tools/emoji-cheat-sheet/graphics/emojis/pear.png,Knowledge Base
pineapple,https://www.webfx.com/tools/emoji-cheat-sheet/graphics/emojis/pineapple.png,Knowledge Base
sweet_potato,https://www.webfx.com/tools/emoji-cheat-sheet/graphics/emojis/sweet_potato.png,Knowledge Base
eggplant,https://www.webfx.com/tools/emoji-cheat-sheet/graphics/emojis/eggplant.png,Knowledge Base
tomato,https://www.webfx.com/tools/emoji-cheat-sheet/graphics/emojis/tomato.png,Knowledge Base
corn,https://www.webfx.com/tools/emoji-cheat-sheet/graphics/emojis/corn.png,Knowledge Base
house,https://www.webfx.com/tools/emoji-cheat-sheet/graphics/emojis/house.png,Company
house_with_garden,https://www.webfx.com/tools/emoji-cheat-sheet/graphics/emojis/house_with_garden.png,Company
school,https://www.webfx.com/tools/emoji-cheat-sheet/graphics/emojis/school.png,Company
office,https://www.webfx.com/tools/emoji-cheat-sheet/graphics/emojis/office.png,Company
post_office,https://www.webfx.com/tools/emoji-cheat-sheet/graphics/emojis/post_office.png,Company
hospital,https://www.webfx.com/tools/emoji-cheat-sheet/graphics/emojis/hospital.png,Company
bank,https://www.webfx.com/tools/emoji-cheat-sheet/graphics/emojis/bank.png,Company
convenience_store,https://www.webfx.com/tools/emoji-cheat-sheet/graphics/emojis/convenience_store.png,Company
love_hotel,https://www.webfx.com/tools/emoji-cheat-sheet/graphics/emojis/love_hotel.png,Company
hotel,https://www.webfx.com/tools/emoji-cheat-sheet/graphics/emojis/hotel.png,Company
wedding,https://www.webfx.com/tools/emoji-cheat-sheet/graphics/emojis/wedding.png,Company
church,https://www.webfx.com/tools/emoji-cheat-sheet/graphics/emojis/church.png,Company
department_store,https://www.webfx.com/tools/emoji-cheat-sheet/graphics/emojis/department_store.png,Company
european_post_office,https://www.webfx.com/tools/emoji-cheat-sheet/graphics/emojis/european_post_office.png,Company
city_sunrise,https://www.webfx.com/tools/emoji-cheat-sheet/graphics/emojis/city_sunrise.png,Company
city_sunset,https://www.webfx.com/tools/emoji-cheat-sheet/graphics/emojis/city_sunset.png,Company
japanese_castle,https://www.webfx.com/tools/emoji-cheat-sheet/graphics/emojis/japanese_castle.png,Company
european_castle,https://www.webfx.com/tools/emoji-cheat-sheet/graphics/emojis/european_castle.png,Company
tent,https://www.webfx.com/tools/emoji-cheat-sheet/graphics/emojis/tent.png,Company
factory,https://www.webfx.com/tools/emoji-cheat-sheet/graphics/emojis/factory.png,Company
tokyo_tower,https://www.webfx.com/tools/emoji-cheat-sheet/graphics/emojis/tokyo_tower.png,Company
japan,https://www.webfx.com/tools/emoji-cheat-sheet/graphics/emojis/japan.png,Company
mount_fuji,https://www.webfx.com/tools/emoji-cheat-sheet/graphics/emojis/mount_fuji.png,Company
sunrise_over_mountains,https://www.webfx.com/tools/emoji-cheat-sheet/graphics/emojis/sunrise_over_mountains.png,Company
sunrise,https://www.webfx.com/tools/emoji-cheat-sheet/graphics/emojis/sunrise.png,Company
stars,https://www.webfx.com/tools/emoji-cheat-sheet/graphics/emojis/stars.png,Company
statue_of_liberty,https://www.webfx.com/tools/emoji-cheat-sheet/graphics/emojis/statue_of_liberty.png,Company
bridge_at_night,https://www.webfx.com/tools/emoji-cheat-sheet/graphics/emojis/bridge_at_night.png,Company
carousel_horse,https://www.webfx.com/tools/emoji-cheat-sheet/graphics/emojis/carousel_horse.png,Company
rainbow,https://www.webfx.com/tools/emoji-cheat-sheet/graphics/emojis/rainbow.png,Company
ferris_wheel,https://www.webfx.com/tools/emoji-cheat-sheet/graphics/emojis/ferris_wheel.png,Company
fountain,https://www.webfx.com/tools/emoji-cheat-sheet/graphics/emojis/fountain.png,Company
roller_coaster,https://www.webfx.com/tools/emoji-cheat-sheet/graphics/emojis/roller_coaster.png,Company
ship,https://www.webfx.com/tools/emoji-cheat-sheet/graphics/emojis/ship.png,Company
speedboat,https://www.webfx.com/tools/emoji-cheat-sheet/graphics/emojis/speedboat.png,Company
boat,https://www.webfx.com/tools/emoji-cheat-sheet/graphics/emojis/boat.png,Company
sailboat,https://www.webfx.com/tools/emoji-cheat-sheet/graphics/emojis/sailboat.png,Company
rowboat,https://www.webfx.com/tools/emoji-cheat-sheet/graphics/emojis/rowboat.png,Company
anchor,https://www.webfx.com/tools/emoji-cheat-sheet/graphics/emojis/anchor.png,Company
rocket,https://www.webfx.com/tools/emoji-cheat-sheet/graphics/emojis/rocket.png,Company
airplane,https://www.webfx.com/tools/emoji-cheat-sheet/graphics/emojis/airplane.png,Company
helicopter,https://www.webfx.com/tools/emoji-cheat-sheet/graphics/emojis/helicopter.png,Company
steam_locomotive,https://www.webfx.com/tools/emoji-cheat-sheet/graphics/emojis/steam_locomotive.png,Company
tram,https://www.webfx.com/tools/emoji-cheat-sheet/graphics/emojis/tram.png,Company
mountain_railway,https://www.webfx.com/tools/emoji-cheat-sheet/graphics/emojis/mountain_railway.png,Company
bike,https://www.webfx.com/tools/emoji-cheat-sheet/graphics/emojis/bike.png,Company
aerial_tramway,https://www.webfx.com/tools/emoji-cheat-sheet/graphics/emojis/aerial_tramway.png,Company
suspension_railway,https://www.webfx.com/tools/emoji-cheat-sheet/graphics/emojis/suspension_railway.png,Company
mountain_cableway,https://www.webfx.com/tools/emoji-cheat-sheet/graphics/emojis/mountain_cableway.png,Company
tractor,https://www.webfx.com/tools/emoji-cheat-sheet/graphics/emojis/tractor.png,Company
blue_car,https://www.webfx.com/tools/emoji-cheat-sheet/graphics/emojis/blue_car.png,Company
oncoming_automobile,https://www.webfx.com/tools/emoji-cheat-sheet/graphics/emojis/oncoming_automobile.png,Company
car,https://www.webfx.com/tools/emoji-cheat-sheet/graphics/emojis/car.png,Company
red_car,https://www.webfx.com/tools/emoji-cheat-sheet/graphics/emojis/red_car.png,Company
taxi,https://www.webfx.com/tools/emoji-cheat-sheet/graphics/emojis/taxi.png,Company
oncoming_taxi,https://www.webfx.com/tools/emoji-cheat-sheet/graphics/emojis/oncoming_taxi.png,Company
articulated_lorry,https://www.webfx.com/tools/emoji-cheat-sheet/graphics/emojis/articulated_lorry.png,Company
bus,https://www.webfx.com/tools/emoji-cheat-sheet/graphics/emojis/bus.png,Company
oncoming_bus,https://www.webfx.com/tools/emoji-cheat-sheet/graphics/emojis/oncoming_bus.png,Company
rotating_light,https://www.webfx.com/tools/emoji-cheat-sheet/graphics/emojis/rotating_light.png,Company
police_car,https://www.webfx.com/tools/emoji-cheat-sheet/graphics/emojis/police_car.png,Company
oncoming_police_car,https://www.webfx.com/tools/emoji-cheat-sheet/graphics/emojis/oncoming_police_car.png,Company
fire_engine,https://www.webfx.com/tools/emoji-cheat-sheet/graphics/emojis/fire_engine.png,Company
ambulance,https://www.webfx.com/tools/emoji-cheat-sheet/graphics/emojis/ambulance.png,Company
minibus,https://www.webfx.com/tools/emoji-cheat-sheet/graphics/emojis/minibus.png,Company
truck,https://www.webfx.com/tools/emoji-cheat-sheet/graphics/emojis/truck.png,Company
train,https://www.webfx.com/tools/emoji-cheat-sheet/graphics/emojis/train.png,Company
station,https://www.webfx.com/tools/emoji-cheat-sheet/graphics/emojis/station.png,Company
train2,https://www.webfx.com/tools/emoji-cheat-sheet/graphics/emojis/train2.png,Company
bullettrain_front,https://www.webfx.com/tools/emoji-cheat-sheet/graphics/emojis/bullettrain_front.png,Company
bullettrain_side,https://www.webfx.com/tools/emoji-cheat-sheet/graphics/emojis/bullettrain_side.png,Company
light_rail,https://www.webfx.com/tools/emoji-cheat-sheet/graphics/emojis/light_rail.png,Company
monorail,https://www.webfx.com/tools/emoji-cheat-sheet/graphics/emojis/monorail.png,Company
railway_car,https://www.webfx.com/tools/emoji-cheat-sheet/graphics/emojis/railway_car.png,Company
trolleybus,https://www.webfx.com/tools/emoji-cheat-sheet/graphics/emojis/trolleybus.png,Company
ticket,https://www.webfx.com/tools/emoji-cheat-sheet/graphics/emojis/ticket.png,Company
fuelpump,https://www.webfx.com/tools/emoji-cheat-sheet/graphics/emojis/fuelpump.png,Company
vertical_traffic_light,https://www.webfx.com/tools/emoji-cheat-sheet/graphics/emojis/vertical_traffic_light.png,Company
traffic_light,https://www.webfx.com/tools/emoji-cheat-sheet/graphics/emojis/traffic_light.png,Company
warning,https://www.webfx.com/tools/emoji-cheat-sheet/graphics/emojis/warning.png,Company
construction,https://www.webfx.com/tools/emoji-cheat-sheet/graphics/emojis/construction.png,Company
beginner,https://www.webfx.com/tools/emoji-cheat-sheet/graphics/emojis/beginner.png,Company
atm,https://www.webfx.com/tools/emoji-cheat-sheet/graphics/emojis/atm.png,Company
slot_machine,https://www.webfx.com/tools/emoji-cheat-sheet/graphics/emojis/slot_machine.png,Company
busstop,https://www.webfx.com/tools/emoji-cheat-sheet/graphics/emojis/busstop.png,Company
barber,https://www.webfx.com/tools/emoji-cheat-sheet/graphics/emojis/barber.png,Company
hotsprings,https://www.webfx.com/tools/emoji-cheat-sheet/graphics/emojis/hotsprings.png,Company
checkered_flag,https://www.webfx.com/tools/emoji-cheat-sheet/graphics/emojis/checkered_flag.png,Company
crossed_flags,https://www.webfx.com/tools/emoji-cheat-sheet/graphics/emojis/crossed_flags.png,Company
izakaya_lantern,https://www.webfx.com/tools/emoji-cheat-sheet/graphics/emojis/izakaya_lantern.png,Company
moyai,https://www.webfx.com/tools/emoji-cheat-sheet/graphics/emojis/moyai.png,Company
circus_tent,https://www.webfx.com/tools/emoji-cheat-sheet/graphics/emojis/circus_tent.png,Company
performing_arts,https://www.webfx.com/tools/emoji-cheat-sheet/graphics/emojis/performing_arts.png,Company
round_pushpin,https://www.webfx.com/tools/emoji-cheat-sheet/graphics/emojis/round_pushpin.png,Company
triangular_flag_on_post,https://www.webfx.com/tools/emoji-cheat-sheet/graphics/emojis/triangular_flag_on_post.png,Company
jp,https://www.webfx.com/tools/emoji-cheat-sheet/graphics/emojis/jp.png,Company
kr,https://www.webfx.com/tools/emoji-cheat-sheet/graphics/emojis/kr.png,Company
cn,https://www.webfx.com/tools/emoji-cheat-sheet/graphics/emojis/cn.png,Company
us,https://www.webfx.com/tools/emoji-cheat-sheet/graphics/emojis/us.png,Company
fr,https://www.webfx.com/tools/emoji-cheat-sheet/graphics/emojis/fr.png,Company
es,https://www.webfx.com/tools/emoji-cheat-sheet/graphics/emojis/es.png,Company
it,https://www.webfx.com/tools/emoji-cheat-sheet/graphics/emojis/it.png,Company
ru,https://www.webfx.com/tools/emoji-cheat-sheet/graphics/emojis/ru.png,Company
gb,https://www.webfx.com/tools/emoji-cheat-sheet/graphics/emojis/gb.png,Company
uk,https://www.webfx.com/tools/emoji-cheat-sheet/graphics/emojis/uk.png,Company
de,https://www.webfx.com/tools/emoji-cheat-sheet/graphics/emojis/de.png,Company
one,https://www.webfx.com/tools/emoji-cheat-sheet/graphics/emojis/one.png,Resources
two,https://www.webfx.com/tools/emoji-cheat-sheet/graphics/emojis/two.png,Resources
three,https://www.webfx.com/tools/emoji-cheat-sheet/graphics/emojis/three.png,Resources
four,https://www.webfx.com/tools/emoji-cheat-sheet/graphics/emojis/four.png,Resources
five,https://www.webfx.com/tools/emoji-cheat-sheet/graphics/emojis/five.png,Resources
six,https://www.webfx.com/tools/emoji-cheat-sheet/graphics/emojis/six.png,Resources
seven,https://www.webfx.com/tools/emoji-cheat-sheet/graphics/emojis/seven.png,Resources
eight,https://www.webfx.com/tools/emoji-cheat-sheet/graphics/emojis/eight.png,Resources
nine,https://www.webfx.com/tools/emoji-cheat-sheet/graphics/emojis/nine.png,Resources
keycap_ten,https://www.webfx.com/tools/emoji-cheat-sheet/graphics/emojis/keycap_ten.png,Resources
1234,https://www.webfx.com/tools/emoji-cheat-sheet/graphics/emojis/1234.png,Resources
zero,https://www.webfx.com/tools/emoji-cheat-sheet/graphics/emojis/zero.png,Resources
hash,https://www.webfx.com/tools/emoji-cheat-sheet/graphics/emojis/hash.png,Resources
symbols,https://www.webfx.com/tools/emoji-cheat-sheet/graphics/emojis/symbols.png,Resources
arrow_backward,https://www.webfx.com/tools/emoji-cheat-sheet/graphics/emojis/arrow_backward.png,Resources
arrow_down,https://www.webfx.com/tools/emoji-cheat-sheet/graphics/emojis/arrow_down.png,Resources
arrow_forward,https://www.webfx.com/tools/emoji-cheat-sheet/graphics/emojis/arrow_forward.png,Resources
arrow_left,https://www.webfx.com/tools/emoji-cheat-sheet/graphics/emojis/arrow_left.png,Resources
capital_abcd,https://www.webfx.com/tools/emoji-cheat-sheet/graphics/emojis/capital_abcd.png,Resources
abcd,https://www.webfx.com/tools/emoji-cheat-sheet/graphics/emojis/abcd.png,Resources
abc,https://www.webfx.com/tools/emoji-cheat-sheet/graphics/emojis/abc.png,Resources
arrow_lower_left,https://www.webfx.com/tools/emoji-cheat-sheet/graphics/emojis/arrow_lower_left.png,Resources
arrow_lower_right,https://www.webfx.com/tools/emoji-cheat-sheet/graphics/emojis/arrow_lower_right.png,Resources
arrow_right,https://www.webfx.com/tools/emoji-cheat-sheet/graphics/emojis/arrow_right.png,Resources
arrow_up,https://www.webfx.com/tools/emoji-cheat-sheet/graphics/emojis/arrow_up.png,Resources
arrow_upper_left,https://www.webfx.com/tools/emoji-cheat-sheet/graphics/emojis/arrow_upper_left.png,Resources
arrow_upper_right,https://www.webfx.com/tools/emoji-cheat-sheet/graphics/emojis/arrow_upper_right.png,Resources
arrow_double_down,https://www.webfx.com/tools/emoji-cheat-sheet/graphics/emojis/arrow_double_down.png,Resources
arrow_double_up,https://www.webfx.com/tools/emoji-cheat-sheet/graphics/emojis/arrow_double_up.png,Resources
arrow_down_small,https://www.webfx.com/tools/emoji-cheat-sheet/graphics/emojis/arrow_down_small.png,Resources
arrow_heading_down,https://www.webfx.com/tools/emoji-cheat-sheet/graphics/emojis/arrow_heading_down.png,Resources
arrow_heading_up,https://www.webfx.com/tools/emoji-cheat-sheet/graphics/emojis/arrow_heading_up.png,Resources
leftwards_arrow_with_hook,https://www.webfx.com/tools/emoji-cheat-sheet/graphics/emojis/leftwards_arrow_with_hook.png,Resources
arrow_right_hook,https://www.webfx.com/tools/emoji-cheat-sheet/graphics/emojis/arrow_right_hook.png,Resources
left_right_arrow,https://www.webfx.com/tools/emoji-cheat-sheet/graphics/emojis/left_right_arrow.png,Resources
arrow_up_down,https://www.webfx.com/tools/emoji-cheat-sheet/graphics/emojis/arrow_up_down.png,Resources
arrow_up_small,https://www.webfx.com/tools/emoji-cheat-sheet/graphics/emojis/arrow_up_small.png,Resources
arrows_clockwise,https://www.webfx.com/tools/emoji-cheat-sheet/graphics/emojis/arrows_clockwise.png,Resources
arrows_counterclockwise,https://www.webfx.com/tools/emoji-cheat-sheet/graphics/emojis/arrows_counterclockwise.png,Resources
rewind,https://www.webfx.com/tools/emoji-cheat-sheet/graphics/emojis/rewind.png,Resources
fast_forward,https://www.webfx.com/tools/emoji-cheat-sheet/graphics/emojis/fast_forward.png,Resources
information_source,https://www.webfx.com/tools/emoji-cheat-sheet/graphics/emojis/information_source.png,Resources
ok,https://www.webfx.com/tools/emoji-cheat-sheet/graphics/emojis/ok.png,Resources
twisted_rightwards_arrows,https://www.webfx.com/tools/emoji-cheat-sheet/graphics/emojis/twisted_rightwards_arrows.png,Resources
repeat,https://www.webfx.com/tools/emoji-cheat-sheet/graphics/emojis/repeat.png,Resources
repeat_one,https://www.webfx.com/tools/emoji-cheat-sheet/graphics/emojis/repeat_one.png,Resources
new,https://www.webfx.com/tools/emoji-cheat-sheet/graphics/emojis/new.png,Resources
top,https://www.webfx.com/tools/emoji-cheat-sheet/graphics/emojis/top.png,Resources
up,https://www.webfx.com/tools/emoji-cheat-sheet/graphics/emojis/up.png,Resources
cool,https://www.webfx.com/tools/emoji-cheat-sheet/graphics/emojis/cool.png,Resources
free,https://www.webfx.com/tools/emoji-cheat-sheet/graphics/emojis/free.png,Resources
ng,https://www.webfx.com/tools/emoji-cheat-sheet/graphics/emojis/ng.png,Resources
cinema,https://www.webfx.com/tools/emoji-cheat-sheet/graphics/emojis/cinema.png,Resources
koko,https://www.webfx.com/tools/emoji-cheat-sheet/graphics/emojis/koko.png,Resources
signal_strength,https://www.webfx.com/tools/emoji-cheat-sheet/graphics/emojis/signal_strength.png,Resources
u5272,https://www.webfx.com/tools/emoji-cheat-sheet/graphics/emojis/u5272.png,Resources
u5408,https://www.webfx.com/tools/emoji-cheat-sheet/graphics/emojis/u5408.png,Resources
u55b6,https://www.webfx.com/tools/emoji-cheat-sheet/graphics/emojis/u55b6.png,Resources
u6307,https://www.webfx.com/tools/emoji-cheat-sheet/graphics/emojis/u6307.png,Resources
u6708,https://www.webfx.com/tools/emoji-cheat-sheet/graphics/emojis/u6708.png,Resources
u6709,https://www.webfx.com/tools/emoji-cheat-sheet/graphics/emojis/u6709.png,Resources
u6e80,https://www.webfx.com/tools/emoji-cheat-sheet/graphics/emojis/u6e80.png,Resources
u7121,https://www.webfx.com/tools/emoji-cheat-sheet/graphics/emojis/u7121.png,Resources
u7533,https://www.webfx.com/tools/emoji-cheat-sheet/graphics/emojis/u7533.png,Resources
u7a7a,https://www.webfx.com/tools/emoji-cheat-sheet/graphics/emojis/u7a7a.png,Resources
u7981,https://www.webfx.com/tools/emoji-cheat-sheet/graphics/emojis/u7981.png,Resources
sa,https://www.webfx.com/tools/emoji-cheat-sheet/graphics/emojis/sa.png,Resources
restroom,https://www.webfx.com/tools/emoji-cheat-sheet/graphics/emojis/restroom.png,Resources
mens,https://www.webfx.com/tools/emoji-cheat-sheet/graphics/emojis/mens.png,Resources
womens,https://www.webfx.com/tools/emoji-cheat-sheet/graphics/emojis/womens.png,Resources
baby_symbol,https://www.webfx.com/tools/emoji-cheat-sheet/graphics/emojis/baby_symbol.png,Resources
no_smoking,https://www.webfx.com/tools/emoji-cheat-sheet/graphics/emojis/no_smoking.png,Resources
parking,https://www.webfx.com/tools/emoji-cheat-sheet/graphics/emojis/parking.png,Resources
wheelchair,https://www.webfx.com/tools/emoji-cheat-sheet/graphics/emojis/wheelchair.png,Resources
metro,https://www.webfx.com/tools/emoji-cheat-sheet/graphics/emojis/metro.png,Resources
baggage_claim,https://www.webfx.com/tools/emoji-cheat-sheet/graphics/emojis/baggage_claim.png,Resources
accept,https://www.webfx.com/tools/emoji-cheat-sheet/graphics/emojis/accept.png,Resources
wc,https://www.webfx.com/tools/emoji-cheat-sheet/graphics/emojis/wc.png,Resources
potable_water,https://www.webfx.com/tools/emoji-cheat-sheet/graphics/emojis/potable_water.png,Resources
put_litter_in_its_place,https://www.webfx.com/tools/emoji-cheat-sheet/graphics/emojis/put_litter_in_its_place.png,Resources
secret,https://www.webfx.com/tools/emoji-cheat-sheet/graphics/emojis/secret.png,Resources
congratulations,https://www.webfx.com/tools/emoji-cheat-sheet/graphics/emojis/congratulations.png,Resources
m,https://www.webfx.com/tools/emoji-cheat-sheet/graphics/emojis/m.png,Resources
passport_control,https://www.webfx.com/tools/emoji-cheat-sheet/graphics/emojis/passport_control.png,Resources
left_luggage,https://www.webfx.com/tools/emoji-cheat-sheet/graphics/emojis/left_luggage.png,Resources
customs,https://www.webfx.com/tools/emoji-cheat-sheet/graphics/emojis/customs.png,Resources
ideograph_advantage,https://www.webfx.com/tools/emoji-cheat-sheet/graphics/emojis/ideograph_advantage.png,Resources
cl,https://www.webfx.com/tools/emoji-cheat-sheet/graphics/emojis/cl.png,Resources
sos,https://www.webfx.com/tools/emoji-cheat-sheet/graphics/emojis/sos.png,Resources
id,https://www.webfx.com/tools/emoji-cheat-sheet/graphics/emojis/id.png,Resources
no_entry_sign,https://www.webfx.com/tools/emoji-cheat-sheet/graphics/emojis/no_entry_sign.png,Resources
underage,https://www.webfx.com/tools/emoji-cheat-sheet/graphics/emojis/underage.png,Resources
no_mobile_phones,https://www.webfx.com/tools/emoji-cheat-sheet/graphics/emojis/no_mobile_phones.png,Resources
do_not_litter,https://www.webfx.com/tools/emoji-cheat-sheet/graphics/emojis/do_not_litter.png,Resources
non-potable_water,https://www.webfx.com/tools/emoji-cheat-sheet/graphics/emojis/non-potable_water.png,Resources
no_bicycles,https://www.webfx.com/tools/emoji-cheat-sheet/graphics/emojis/no_bicycles.png,Resources
no_pedestrians,https://www.webfx.com/tools/emoji-cheat-sheet/graphics/emojis/no_pedestrians.png,Resources
children_crossing,https://www.webfx.com/tools/emoji-cheat-sheet/graphics/emojis/children_crossing.png,Resources
no_entry,https://www.webfx.com/tools/emoji-cheat-sheet/graphics/emojis/no_entry.png,Resources
eight_spoked_asterisk,https://www.webfx.com/tools/emoji-cheat-sheet/graphics/emojis/eight_spoked_asterisk.png,Resources
sparkle,https://www.webfx.com/tools/emoji-cheat-sheet/graphics/emojis/sparkle.png,Resources
eight_pointed_black_star,https://www.webfx.com/tools/emoji-cheat-sheet/graphics/emojis/eight_pointed_black_star.png,Resources
heart_decoration,https://www.webfx.com/tools/emoji-cheat-sheet/graphics/emojis/heart_decoration.png,Resources
vs,https://www.webfx.com/tools/emoji-cheat-sheet/graphics/emojis/vs.png,Resources
vibration_mode,https://www.webfx.com/tools/emoji-cheat-sheet/graphics/emojis/vibration_mode.png,Resources
mobile_phone_off,https://www.webfx.com/tools/emoji-cheat-sheet/graphics/emojis/mobile_phone_off.png,Resources
chart,https://www.webfx.com/tools/emoji-cheat-sheet/graphics/emojis/chart.png,Resources
currency_exchange,https://www.webfx.com/tools/emoji-cheat-sheet/graphics/emojis/currency_exchange.png,Resources
aries,https://www.webfx.com/tools/emoji-cheat-sheet/graphics/emojis/aries.png,Resources
taurus,https://www.webfx.com/tools/emoji-cheat-sheet/graphics/emojis/taurus.png,Resources
gemini,https://www.webfx.com/tools/emoji-cheat-sheet/graphics/emojis/gemini.png,Resources
cancer,https://www.webfx.com/tools/emoji-cheat-sheet/graphics/emojis/cancer.png,Resources
leo,https://www.webfx.com/tools/emoji-cheat-sheet/graphics/emojis/leo.png,Resources
virgo,https://www.webfx.com/tools/emoji-cheat-sheet/graphics/emojis/virgo.png,Resources
libra,https://www.webfx.com/tools/emoji-cheat-sheet/graphics/emojis/libra.png,Resources
scorpius,https://www.webfx.com/tools/emoji-cheat-sheet/graphics/emojis/scorpius.png,Resources
sagittarius,https://www.webfx.com/tools/emoji-cheat-sheet/graphics/emojis/sagittarius.png,Resources
capricorn,https://www.webfx.com/tools/emoji-cheat-sheet/graphics/emojis/capricorn.png,Resources
aquarius,https://www.webfx.com/tools/emoji-cheat-sheet/graphics/emojis/aquarius.png,Resources
pisces,https://www.webfx.com/tools/emoji-cheat-sheet/graphics/emojis/pisces.png,Resources
ophiuchus,https://www.webfx.com/tools/emoji-cheat-sheet/graphics/emojis/ophiuchus.png,Resources
six_pointed_star,https://www.webfx.com/tools/emoji-cheat-sheet/graphics/emojis/six_pointed_star.png,Resources
negative_squared_cross_mark,https://www.webfx.com/tools/emoji-cheat-sheet/graphics/emojis/negative_squared_cross_mark.png,Resources
a,https://www.webfx.com/tools/emoji-cheat-sheet/graphics/emojis/a.png,Resources
b,https://www.webfx.com/tools/emoji-cheat-sheet/graphics/emojis/b.png,Resources
ab,https://www.webfx.com/tools/emoji-cheat-sheet/graphics/emojis/ab.png,Resources
o2,https://www.webfx.com/tools/emoji-cheat-sheet/graphics/emojis/o2.png,Resources
diamond_shape_with_a_dot_inside,https://www.webfx.com/tools/emoji-cheat-sheet/graphics/emojis/diamond_shape_with_a_dot_inside.png,Resources
recycle,https://www.webfx.com/tools/emoji-cheat-sheet/graphics/emojis/recycle.png,Resources
end,https://www.webfx.com/tools/emoji-cheat-sheet/graphics/emojis/end.png,Resources
back,https://www.webfx.com/tools/emoji-cheat-sheet/graphics/emojis/back.png,Resources
on,https://www.webfx.com/tools/emoji-cheat-sheet/graphics/emojis/on.png,Resources
soon,https://www.webfx.com/tools/emoji-cheat-sheet/graphics/emojis/soon.png,Resources
clock1,https://www.webfx.com/tools/emoji-cheat-sheet/graphics/emojis/clock1.png,Resources
clock130,https://www.webfx.com/tools/emoji-cheat-sheet/graphics/emojis/clock130.png,Resources
clock10,https://www.webfx.com/tools/emoji-cheat-sheet/graphics/emojis/clock10.png,Resources
clock1030,https://www.webfx.com/tools/emoji-cheat-sheet/graphics/emojis/clock1030.png,Resources
clock11,https://www.webfx.com/tools/emoji-cheat-sheet/graphics/emojis/clock11.png,Resources
clock1130,https://www.webfx.com/tools/emoji-cheat-sheet/graphics/emojis/clock1130.png,Resources
clock12,https://www.webfx.com/tools/emoji-cheat-sheet/graphics/emojis/clock12.png,Resources
clock1230,https://www.webfx.com/tools/emoji-cheat-sheet/graphics/emojis/clock1230.png,Resources
clock2,https://www.webfx.com/tools/emoji-cheat-sheet/graphics/emojis/clock2.png,Resources
clock230,https://www.webfx.com/tools/emoji-cheat-sheet/graphics/emojis/clock230.png,Resources
clock3,https://www.webfx.com/tools/emoji-cheat-sheet/graphics/emojis/clock3.png,Resources
clock330,https://www.webfx.com/tools/emoji-cheat-sheet/graphics/emojis/clock330.png,Resources
clock4,https://www.webfx.com/tools/emoji-cheat-sheet/graphics/emojis/clock4.png,Resources
clock430,https://www.webfx.com/tools/emoji-cheat-sheet/graphics/emojis/clock430.png,Resources
clock5,https://www.webfx.com/tools/emoji-cheat-sheet/graphics/emojis/clock5.png,Resources
clock530,https://www.webfx.com/tools/emoji-cheat-sheet/graphics/emojis/clock530.png,Resources
clock6,https://www.webfx.com/tools/emoji-cheat-sheet/graphics/emojis/clock6.png,Resources
clock630,https://www.webfx.com/tools/emoji-cheat-sheet/graphics/emojis/clock630.png,Resources
clock7,https://www.webfx.com/tools/emoji-cheat-sheet/graphics/emojis/clock7.png,Resources
clock730,https://www.webfx.com/tools/emoji-cheat-sheet/graphics/emojis/clock730.png,Resources
clock8,https://www.webfx.com/tools/emoji-cheat-sheet/graphics/emojis/clock8.png,Resources
clock830,https://www.webfx.com/tools/emoji-cheat-sheet/graphics/emojis/clock830.png,Resources
clock9,https://www.webfx.com/tools/emoji-cheat-sheet/graphics/emojis/clock9.png,Resources
clock930,https://www.webfx.com/tools/emoji-cheat-sheet/graphics/emojis/clock930.png,Resources
heavy_dollar_sign,https://www.webfx.com/tools/emoji-cheat-sheet/graphics/emojis/heavy_dollar_sign.png,Resources
copyright,https://www.webfx.com/tools/emoji-cheat-sheet/graphics/emojis/copyright.png,Resources
registered,https://www.webfx.com/tools/emoji-cheat-sheet/graphics/emojis/registered.png,Resources
tm,https://www.webfx.com/tools/emoji-cheat-sheet/graphics/emojis/tm.png,Resources
x,https://www.webfx.com/tools/emoji-cheat-sheet/graphics/emojis/x.png,Resources
heavy_exclamation_mark,https://www.webfx.com/tools/emoji-cheat-sheet/graphics/emojis/heavy_exclamation_mark.png,Resources
bangbang,https://www.webfx.com/tools/emoji-cheat-sheet/graphics/emojis/bangbang.png,Resources
interrobang,https://www.webfx.com/tools/emoji-cheat-sheet/graphics/emojis/interrobang.png,Resources
o,https://www.webfx.com/tools/emoji-cheat-sheet/graphics/emojis/o.png,Resources
heavy_multiplication_x,https://www.webfx.com/tools/emoji-cheat-sheet/graphics/emojis/heavy_multiplication_x.png,Resources
heavy_plus_sign,https://www.webfx.com/tools/emoji-cheat-sheet/graphics/emojis/heavy_plus_sign.png,Resources
heavy_minus_sign,https://www.webfx.com/tools/emoji-cheat-sheet/graphics/emojis/heavy_minus_sign.png,Resources
heavy_division_sign,https://www.webfx.com/tools/emoji-cheat-sheet/graphics/emojis/heavy_division_sign.png,Resources
white_flower,https://www.webfx.com/tools/emoji-cheat-sheet/graphics/emojis/white_flower.png,Resources
100,https://www.webfx.com/tools/emoji-cheat-sheet/graphics/emojis/100.png,Resources
heavy_check_mark,https://www.webfx.com/tools/emoji-cheat-sheet/graphics/emojis/heavy_check_mark.png,Resources
ballot_box_with_check,https://www.webfx.com/tools/emoji-cheat-sheet/graphics/emojis/ballot_box_with_check.png,Resources
radio_button,https://www.webfx.com/tools/emoji-cheat-sheet/graphics/emojis/radio_button.png,Resources
link,https://www.webfx.com/tools/emoji-cheat-sheet/graphics/emojis/link.png,Resources
curly_loop,https://www.webfx.com/tools/emoji-cheat-sheet/graphics/emojis/curly_loop.png,Resources
wavy_dash,https://www.webfx.com/tools/emoji-cheat-sheet/graphics/emojis/wavy_dash.png,Resources
part_alternation_mark,https://www.webfx.com/tools/emoji-cheat-sheet/graphics/emojis/part_alternation_mark.png,Resources
trident,https://www.webfx.com/tools/emoji-cheat-sheet/graphics/emojis/trident.png,Resources
black_small_square,https://www.webfx.com/tools/emoji-cheat-sheet/graphics/emojis/black_small_square.png,Resources
white_small_square,https://www.webfx.com/tools/emoji-cheat-sheet/graphics/emojis/white_small_square.png,Resources
black_medium_small_square,https://www.webfx.com/tools/emoji-cheat-sheet/graphics/emojis/black_medium_small_square.png,Resources
white_medium_small_square,https://www.webfx.com/tools/emoji-cheat-sheet/graphics/emojis/white_medium_small_square.png,Resources
black_medium_square,https://www.webfx.com/tools/emoji-cheat-sheet/graphics/emojis/black_medium_square.png,Resources
white_medium_square,https://www.webfx.com/tools/emoji-cheat-sheet/graphics/emojis/white_medium_square.png,Resources
black_large_square,https://www.webfx.com/tools/emoji-cheat-sheet/graphics/emojis/black_square.png,Resources
white_large_square,https://www.webfx.com/tools/emoji-cheat-sheet/graphics/emojis/white_large_square.png,Resources
white_check_mark,https://www.webfx.com/tools/emoji-cheat-sheet/graphics/emojis/white_check_mark.png,Resources
black_square_button,https://www.webfx.com/tools/emoji-cheat-sheet/graphics/emojis/black_square_button.png,Resources
white_square_button,https://www.webfx.com/tools/emoji-cheat-sheet/graphics/emojis/white_square_button.png,Resources
black_circle,https://www.webfx.com/tools/emoji-cheat-sheet/graphics/emojis/black_circle.png,Resources
white_circle,https://www.webfx.com/tools/emoji-cheat-sheet/graphics/emojis/white_circle.png,Resources
red_circle,https://www.webfx.com/tools/emoji-cheat-sheet/graphics/emojis/red_circle.png,Resources
large_blue_circle,https://www.webfx.com/tools/emoji-cheat-sheet/graphics/emojis/large_blue_circle.png,Resources
large_blue_diamond,https://www.webfx.com/tools/emoji-cheat-sheet/graphics/emojis/large_blue_diamond.png,Resources
large_orange_diamond,https://www.webfx.com/tools/emoji-cheat-sheet/graphics/emojis/large_orange_diamond.png,Resources
small_blue_diamond,https://www.webfx.com/tools/emoji-cheat-sheet/graphics/emojis/small_blue_diamond.png,Resources
small_orange_diamond,https://www.webfx.com/tools/emoji-cheat-sheet/graphics/emojis/small_orange_diamond.png,Resources
small_red_triangle,https://www.webfx.com/tools/emoji-cheat-sheet/graphics/emojis/small_red_triangle.png,Resources
small_red_triangle_down,https://www.webfx.com/tools/emoji-cheat-sheet/graphics/emojis/small_red_triangle_down.png,Resources
shipit,https://www.webfx.com/tools/emoji-cheat-sheet/graphics/emojis/shipit.png,Resources
